school;student;student;normexam;cons;standlrt;girl;avslrt
1;1;1;0;1;1;1;0
1;2;2;0;1;0;1;0
1;3;3;-2;1;-1;0;0
1;4;4;1;1;0;1;0
1;5;5;1;1;0;1;0
1;6;6;2;1;2;0;0
1;7;7;1;1;-1;0;0
1;8;8;0;1;-1;0;0
1;9;9;-1;1;-1;1;0
1;10;10;-1;1;-1;0;0
1;11;11;2;1;2;0;0
1;12;12;1;1;2;0;0
1;13;13;-2;1;0;0;0
1;14;14;0;1;1;0;0
1;15;15;2;1;3;0;0
1;16;16;1;1;1;1;0
1;17;17;2;1;1;1;0
1;18;18;1;1;1;0;0
1;19;19;-1;1;-1;0;0
1;20;20;1;1;-1;1;0
1;21;21;-1;1;0;1;0
1;22;22;-1;1;-1;0;0
1;23;23;0;1;-1;1;0
1;24;24;0;1;-2;0;0
1;25;25;2;1;0;1;0
1;26;26;1;1;0;0;0
1;27;27;0;1;1;0;0
1;28;28;0;1;0;0;0
1;29;29;2;1;1;1;0
1;30;30;2;1;2;0;0
1;31;31;0;1;-1;0;0
1;32;32;1;1;-1;0;0
1;33;33;2;1;0;0;0
1;34;34;-1;1;0;0;0
1;35;35;0;1;0;0;0
1;36;36;1;1;1;0;0
1;37;37;0;1;0;0;0
1;38;38;0;1;0;0;0
1;39;39;2;1;1;0;0
1;40;40;0;1;0;0;0
1;41;41;0;1;0;0;0
1;42;42;1;1;1;0;0
1;43;43;1;1;0;1;0
1;44;44;-1;1;-1;1;0
1;45;45;-1;1;-1;0;0
1;46;46;-1;1;-2;0;0
1;47;47;2;1;1;1;0
1;48;48;-1;1;0;0;0
1;49;49;2;1;1;1;0
1;50;50;0;1;-1;1;0
1;51;51;0;1;0;0;0
1;52;52;0;1;0;0;0
1;53;53;2;1;2;1;0
1;54;54;2;1;0;1;0
1;55;55;1;1;2;1;0
1;56;56;0;1;0;1;0
1;57;57;0;1;0;1;0
1;58;58;1;1;0;1;0
1;59;59;-1;1;-1;1;0
1;60;60;2;1;2;0;0
1;61;61;2;1;1;1;0
1;62;62;-2;1;-1;0;0
1;63;63;1;1;1;0;0
1;64;64;2;1;1;1;0
1;65;65;2;1;0;0;0
1;66;66;1;1;1;1;0
1;67;67;-1;1;-1;0;0
1;68;68;0;1;0;0;0
1;69;69;2;1;0;0;0
1;70;70;1;1;2;0;0
1;71;71;-1;1;-1;1;0
1;72;72;1;1;1;0;0
1;73;73;0;1;0;0;0
2;1;1;2;1;0;1;0
2;2;2;1;1;1;1;0
2;3;3;1;1;0;1;0
2;4;4;0;1;1;1;0
2;5;5;-1;1;-1;1;0
2;6;6;2;1;1;1;0
2;7;7;2;1;1;1;0
2;8;8;3;1;1;1;0
2;9;9;3;1;0;1;0
2;10;10;1;1;1;1;0
2;11;11;2;1;1;1;0
2;12;12;0;1;-1;1;0
2;13;13;0;1;-1;1;0
2;14;14;1;1;1;1;0
2;15;15;3;1;1;1;0
2;16;16;2;1;1;1;0
2;17;17;1;1;0;1;0
2;18;18;-1;1;0;1;0
2;19;19;1;1;0;1;0
2;20;20;1;1;0;1;0
2;21;21;0;1;-1;1;0
2;22;22;0;1;1;1;0
2;23;23;-1;1;-1;1;0
2;24;24;1;1;2;1;0
2;25;25;-1;1;-1;1;0
2;26;26;2;1;2;1;0
2;27;27;1;1;0;1;0
2;28;28;1;1;0;1;0
2;29;29;3;1;2;1;0
2;30;30;2;1;2;1;0
2;31;31;0;1;2;1;0
2;32;32;-2;1;0;1;0
2;33;33;0;1;1;1;0
2;34;34;-1;1;-3;1;0
2;35;35;2;1;0;1;0
2;36;36;1;1;0;1;0
2;37;37;-1;1;0;1;0
2;38;38;2;1;0;1;0
2;39;39;-1;1;-2;1;0
2;40;40;-1;1;-1;1;0
2;41;41;1;1;0;1;0
2;42;42;2;1;2;1;0
2;43;43;2;1;2;1;0
2;44;44;-1;1;0;1;0
2;45;45;0;1;1;1;0
2;46;46;1;1;2;1;0
2;47;47;1;1;2;1;0
2;48;48;0;1;-1;1;0
2;49;49;2;1;1;1;0
2;50;50;2;1;2;1;0
2;51;51;3;1;1;1;0
2;52;52;1;1;0;1;0
2;53;53;1;1;0;1;0
2;54;54;-1;1;-1;1;0
2;55;55;-1;1;-1;1;0
3;1;1;0;1;0;1;1
3;2;2;3;1;1;1;1
3;3;3;-1;1;1;1;1
3;4;4;2;1;1;0;1
3;5;5;1;1;0;0;1
3;6;6;0;1;-1;0;1
3;7;7;-1;1;1;0;1
3;8;8;0;1;0;0;1
3;9;9;0;1;-2;0;1
3;10;10;1;1;0;1;1
3;11;11;2;1;2;0;1
3;12;12;0;1;1;1;1
3;13;13;1;1;-1;1;1
3;14;14;0;1;1;1;1
3;15;15;1;1;0;1;1
3;16;16;2;1;0;1;1
3;17;17;1;1;0;0;1
3;18;18;0;1;0;0;1
3;19;19;2;1;1;0;1
3;20;20;0;1;0;1;1
3;21;21;-1;1;-1;0;1
3;22;22;0;1;0;1;1
3;23;23;2;1;1;1;1
3;24;24;1;1;1;0;1
3;25;25;0;1;0;1;1
3;26;26;2;1;1;1;1
3;27;27;2;1;2;0;1
3;28;28;2;1;2;0;1
3;29;29;1;1;1;1;1
3;30;30;2;1;1;1;1
3;31;31;2;1;2;0;1
3;32;32;1;1;1;0;1
3;33;33;2;1;1;1;1
3;34;34;1;1;1;0;1
3;35;35;1;1;0;1;1
3;36;36;1;1;1;1;1
3;37;37;1;1;-1;0;1
3;38;38;2;1;1;1;1
3;39;39;0;1;-1;0;1
3;40;40;1;1;0;0;1
3;41;41;1;1;0;0;1
3;42;42;0;1;1;0;1
3;43;43;1;1;0;0;1
3;44;44;2;1;1;1;1
3;45;45;-1;1;0;0;1
3;46;46;0;1;-1;0;1
3;47;47;1;1;1;1;1
3;48;48;1;1;1;0;1
3;49;49;0;1;0;1;1
3;50;50;0;1;1;0;1
3;51;51;1;1;1;0;1
3;52;52;2;1;0;0;1
4;1;1;1;1;0;1;0
4;2;2;0;1;0;0;0
4;3;3;0;1;2;0;0
4;4;4;0;1;0;1;0
4;5;5;-2;1;-1;0;0
4;6;6;0;1;-1;0;0
4;7;7;0;1;0;1;0
4;8;8;0;1;0;0;0
4;9;9;0;1;1;1;0
4;10;10;-2;1;-1;0;0
4;11;11;0;1;0;1;0
4;12;12;-1;1;-1;0;0
4;13;13;0;1;2;0;0
4;14;14;-1;1;-1;0;0
4;15;15;0;1;0;0;0
4;16;16;-1;1;0;0;0
4;17;17;1;1;0;1;0
4;18;18;3;1;1;1;0
4;19;19;2;1;0;0;0
4;20;20;-2;1;-2;0;0
4;21;21;0;1;0;0;0
4;22;22;0;1;0;1;0
4;23;23;-1;1;0;0;0
4;24;24;1;1;1;1;0
4;25;25;1;1;1;1;0
4;26;26;0;1;-1;0;0
4;27;27;-2;1;-1;1;0
4;28;28;-1;1;-1;0;0
4;29;29;-1;1;-2;1;0
4;30;30;0;1;1;0;0
4;31;31;0;1;0;0;0
4;32;32;1;1;1;0;0
4;33;33;1;1;-1;0;0
4;34;34;0;1;1;0;0
4;35;35;1;1;0;0;0
4;36;36;-1;1;1;0;0
4;37;37;-1;1;0;1;0
4;38;38;-1;1;-2;0;0
4;39;39;-2;1;-2;0;0
4;40;40;0;1;-1;1;0
4;41;41;1;1;1;1;0
4;42;42;0;1;0;1;0
4;43;43;-1;1;0;1;0
4;44;44;-1;1;-1;0;0
4;45;45;1;1;0;1;0
4;46;46;-1;1;0;0;0
4;47;47;2;1;2;1;0
4;48;48;1;1;0;0;0
4;49;49;2;1;-1;1;0
4;50;50;1;1;0;1;0
4;51;51;2;1;2;1;0
4;52;52;1;1;1;0;0
4;53;53;2;1;2;0;0
4;54;54;1;1;2;1;0
4;55;55;1;1;1;0;0
4;56;56;2;1;2;0;0
4;57;57;2;1;1;1;0
4;58;58;-1;1;-1;0;0
4;59;59;-1;1;-1;1;0
4;60;60;0;1;1;1;0
4;61;61;-1;1;0;0;0
4;62;62;-1;1;0;0;0
4;63;63;0;1;-1;1;0
4;64;64;-1;1;-2;1;0
4;65;65;-1;1;-1;1;0
4;66;66;0;1;1;1;0
4;67;67;1;1;2;0;0
4;68;68;-1;1;-1;0;0
4;69;69;-1;1;0;0;0
4;70;70;2;1;0;1;0
4;71;71;-2;1;-1;0;0
4;72;72;-1;1;0;0;0
4;73;73;0;1;1;1;0
4;74;74;-1;1;0;0;0
4;75;75;1;1;1;1;0
4;76;76;1;1;2;1;0
4;77;77;2;1;1;0;0
4;78;78;0;1;-1;0;0
4;79;79;0;1;0;0;0
5;1;1;1;1;0;1;0
5;2;2;1;1;0;0;0
5;3;3;0;1;0;1;0
5;4;4;0;1;0;0;0
5;5;5;0;1;1;0;0
5;6;6;2;1;1;1;0
5;7;7;0;1;1;1;0
5;8;8;0;1;0;1;0
5;9;9;-1;1;0;1;0
5;10;10;0;1;1;1;0
5;11;11;0;1;0;0;0
5;12;12;1;1;2;0;0
5;13;13;1;1;0;1;0
5;14;14;0;1;0;0;0
5;15;15;0;1;0;0;0
5;16;16;2;1;2;1;0
5;17;17;0;1;-1;0;0
5;18;18;2;1;0;0;0
5;19;19;1;1;0;1;0
5;20;20;1;1;1;1;0
5;21;21;0;1;1;0;0
5;22;22;0;1;-1;1;0
5;23;23;1;1;0;1;0
5;24;24;0;1;1;0;0
5;25;25;1;1;1;1;0
5;26;26;0;1;0;0;0
5;27;27;-1;1;-1;1;0
5;28;28;0;1;0;0;0
5;29;29;1;1;0;0;0
5;30;30;1;1;1;0;0
5;31;31;-1;1;-1;1;0
5;32;32;-1;1;0;1;0
5;33;33;1;1;1;0;0
5;34;34;0;1;1;1;0
5;35;35;0;1;0;1;0
6;1;1;1;1;0;1;1
6;2;2;1;1;0;1;1
6;3;3;1;1;1;1;1
6;4;4;0;1;1;1;1
6;5;5;0;1;2;1;1
6;6;6;2;1;1;1;1
6;7;7;0;1;2;1;1
6;8;8;1;1;2;1;1
6;9;9;2;1;1;1;1
6;10;10;2;1;1;1;1
6;11;11;2;1;0;1;1
6;12;12;0;1;0;1;1
6;13;13;2;1;2;1;1
6;14;14;1;1;1;1;1
6;15;15;1;1;-1;1;1
6;16;16;2;1;2;1;1
6;17;17;2;1;1;1;1
6;18;18;1;1;1;1;1
6;19;19;2;1;1;1;1
6;20;20;1;1;1;1;1
6;21;21;2;1;2;1;1
6;22;22;1;1;0;1;1
6;23;23;0;1;0;1;1
6;24;24;1;1;0;1;1
6;25;25;0;1;0;1;1
6;26;26;0;1;-1;1;1
6;27;27;1;1;1;1;1
6;28;28;0;1;1;1;1
6;29;29;1;1;-1;1;1
6;30;30;1;1;1;1;1
6;31;31;2;1;2;1;1
6;32;32;1;1;0;1;1
6;33;33;1;1;2;1;1
6;34;34;2;1;1;1;1
6;35;35;3;1;2;1;1
6;36;36;1;1;0;1;1
6;37;37;1;1;1;1;1
6;38;38;1;1;1;1;1
6;39;39;1;1;0;1;1
6;40;40;2;1;1;1;1
6;41;41;1;1;0;1;1
6;42;42;-2;1;-1;1;1
6;43;43;0;1;1;1;1
6;44;44;2;1;1;1;1
6;45;45;2;1;1;1;1
6;46;46;2;1;1;1;1
6;47;47;0;1;0;1;1
6;48;48;2;1;2;1;1
6;49;49;2;1;2;1;1
6;50;50;0;1;0;1;1
6;51;51;1;1;0;1;1
6;52;52;1;1;0;1;1
6;53;53;1;1;2;1;1
6;54;54;1;1;0;1;1
6;55;55;2;1;1;1;1
6;56;56;-1;1;0;1;1
6;57;57;1;1;2;1;1
6;58;58;1;1;1;1;1
6;59;59;0;1;0;1;1
6;60;60;2;1;1;1;1
6;61;61;-1;1;0;1;1
6;62;62;0;1;0;1;1
6;63;63;1;1;1;1;1
6;64;64;0;1;0;1;1
6;65;65;1;1;0;1;1
6;66;66;1;1;0;1;1
6;67;67;0;1;0;1;1
6;68;68;0;1;-1;1;1
6;69;69;1;1;1;1;1
6;70;70;1;1;0;1;1
6;71;71;2;1;1;1;1
6;72;72;2;1;1;1;1
6;73;73;1;1;0;1;1
6;74;74;0;1;0;1;1
6;75;75;0;1;0;1;1
6;76;76;0;1;0;1;1
6;77;77;0;1;2;1;1
6;78;78;-1;1;1;1;1
6;79;79;2;1;1;1;1
6;80;80;1;1;0;1;1
7;1;1;-2;1;0;1;0
7;2;2;0;1;-2;1;0
7;3;3;0;1;-1;1;0
7;4;4;0;1;0;1;0
7;5;5;-1;1;-1;1;0
7;6;6;1;1;0;1;0
7;7;7;0;1;0;1;0
7;8;8;0;1;0;1;0
7;9;9;0;1;0;1;0
7;10;10;2;1;1;1;0
7;11;11;2;1;-1;1;0
7;12;12;1;1;0;1;0
7;13;13;1;1;0;1;0
7;14;14;1;1;1;1;0
7;15;15;1;1;0;1;0
7;16;16;0;1;0;1;0
7;17;17;1;1;0;1;0
7;18;18;0;1;1;1;0
7;19;19;0;1;-1;1;0
7;20;20;1;1;0;1;0
7;21;21;1;1;0;1;0
7;22;22;0;1;0;1;0
7;23;23;0;1;-1;1;0
7;24;24;2;1;2;1;0
7;25;25;1;1;0;1;0
7;26;26;2;1;0;1;0
7;27;27;0;1;-1;1;0
7;28;28;1;1;0;1;0
7;29;29;1;1;2;1;0
7;30;30;1;1;2;1;0
7;31;31;-1;1;-1;1;0
7;32;32;1;1;-1;1;0
7;33;33;-1;1;0;1;0
7;34;34;1;1;2;1;0
7;35;35;0;1;-1;1;0
7;36;36;1;1;0;1;0
7;37;37;1;1;2;1;0
7;38;38;1;1;0;1;0
7;39;39;0;1;0;1;0
7;40;40;1;1;0;1;0
7;41;41;1;1;1;1;0
7;42;42;0;1;0;1;0
7;43;43;1;1;0;1;0
7;44;44;-1;1;0;1;0
7;45;45;1;1;-1;1;0
7;46;46;-1;1;0;1;0
7;47;47;0;1;-1;1;0
7;48;48;0;1;0;1;0
7;49;49;0;1;0;1;0
7;50;50;0;1;0;1;0
7;51;51;1;1;0;1;0
7;52;52;0;1;1;1;0
7;53;53;0;1;0;1;0
7;54;54;2;1;-2;1;0
7;55;55;-1;1;-1;1;0
7;56;56;1;1;0;1;0
7;57;57;0;1;0;1;0
7;58;58;1;1;1;1;0
7;59;59;0;1;0;1;0
7;60;60;0;1;-1;1;0
7;61;61;-1;1;1;1;0
7;62;62;-1;1;1;1;0
7;63;63;1;1;1;1;0
7;64;64;1;1;1;1;0
7;65;65;0;1;-1;1;0
7;66;66;0;1;-1;1;0
7;67;67;-1;1;-2;1;0
7;68;68;1;1;0;1;0
7;69;69;0;1;0;1;0
7;70;70;1;1;0;1;0
7;71;71;0;1;1;1;0
7;72;72;0;1;-1;1;0
7;73;73;0;1;2;1;0
7;74;74;0;1;-1;1;0
7;75;75;-1;1;0;1;0
7;76;76;1;1;0;1;0
7;77;77;0;1;0;1;0
7;78;78;0;1;-1;1;0
7;79;79;0;1;-1;1;0
7;80;80;2;1;0;1;0
7;81;81;0;1;0;1;0
7;82;82;0;1;0;1;0
7;83;83;1;1;1;1;0
7;84;84;1;1;0;1;0
7;85;85;2;1;0;1;0
7;86;86;0;1;0;1;0
7;87;87;-1;1;-1;1;0
7;88;88;0;1;0;1;0
8;1;1;0;1;-1;1;0
8;2;2;0;1;2;1;0
8;3;3;1;1;1;1;0
8;4;4;1;1;3;1;0
8;5;5;-1;1;0;1;0
8;6;6;-1;1;-2;1;0
8;7;7;2;1;1;1;0
8;8;8;1;1;1;1;0
8;9;9;-2;1;-1;1;0
8;10;10;-1;1;-1;1;0
8;11;11;2;1;2;1;0
8;12;12;1;1;0;1;0
8;13;13;1;1;1;1;0
8;14;14;-1;1;0;1;0
8;15;15;0;1;-2;1;0
8;16;16;1;1;1;1;0
8;17;17;-1;1;-1;1;0
8;18;18;0;1;-2;1;0
8;19;19;0;1;-1;1;0
8;20;20;-1;1;0;1;0
8;21;21;1;1;0;1;0
8;22;22;0;1;-1;1;0
8;23;23;0;1;2;1;0
8;24;24;0;1;1;1;0
8;25;25;1;1;1;1;0
8;26;26;1;1;-1;1;0
8;27;27;1;1;0;1;0
8;28;28;0;1;1;1;0
8;29;29;-1;1;0;1;0
8;30;30;-1;1;0;1;0
8;31;31;-1;1;-1;1;0
8;32;32;-1;1;-1;1;0
8;33;33;-1;1;-1;1;0
8;34;34;0;1;0;1;0
8;35;35;1;1;0;1;0
8;36;36;0;1;1;1;0
8;37;37;0;1;0;1;0
8;38;38;0;1;0;1;0
8;39;39;1;1;0;1;0
8;40;40;0;1;-1;1;0
8;41;41;1;1;1;1;0
8;42;42;0;1;1;1;0
8;43;43;2;1;1;1;0
8;44;44;0;1;-1;1;0
8;45;45;-1;1;-1;1;0
8;46;46;-2;1;-1;1;0
8;47;47;1;1;1;1;0
8;48;48;0;1;-1;1;0
8;49;49;0;1;-1;1;0
8;50;50;1;1;0;1;0
8;51;51;-2;1;-1;1;0
8;52;52;0;1;3;1;0
8;53;53;-1;1;-1;1;0
8;54;54;1;1;-1;1;0
8;55;55;2;1;1;1;0
8;56;56;0;1;0;1;0
8;57;57;-1;1;1;1;0
8;58;58;0;1;0;1;0
8;59;59;-1;1;-1;1;0
8;60;60;0;1;0;1;0
8;61;61;1;1;0;1;0
8;62;62;0;1;0;1;0
8;63;63;0;1;0;1;0
8;64;64;2;1;0;1;0
8;65;65;3;1;3;1;0
8;66;66;0;1;0;1;0
8;67;67;0;1;-1;1;0
8;68;68;-2;1;1;1;0
8;69;69;-2;1;-2;1;0
8;70;70;2;1;3;1;0
8;71;71;-1;1;-1;1;0
8;72;72;0;1;0;1;0
8;73;73;0;1;0;1;0
8;74;74;0;1;0;1;0
8;75;75;-2;1;0;1;0
8;76;76;0;1;0;1;0
8;77;77;2;1;2;1;0
8;78;78;0;1;0;1;0
8;79;79;-1;1;0;1;0
8;80;80;0;1;0;1;0
8;81;81;-1;1;-1;1;0
8;82;82;-1;1;-2;1;0
8;83;83;0;1;1;1;0
8;84;84;0;1;0;1;0
8;85;85;2;1;1;1;0
8;86;86;-1;1;-1;1;0
8;87;87;-1;1;-2;1;0
8;88;88;-1;1;-1;1;0
8;89;89;-1;1;1;1;0
8;90;90;0;1;0;1;0
8;91;91;1;1;1;1;0
8;92;92;1;1;1;1;0
8;93;93;0;1;-1;1;0
8;94;94;-2;1;-2;1;0
8;95;95;0;1;-1;1;0
8;96;96;0;1;0;1;0
8;97;97;-1;1;0;1;0
8;98;98;-2;1;-1;1;0
8;99;99;-1;1;-1;1;0
8;100;100;0;1;0;1;0
8;101;101;0;1;0;1;0
8;102;102;1;1;1;1;0
9;1;1;-2;1;0;0;0
9;2;2;-1;1;0;0;0
9;3;3;-1;1;-3;0;0
9;4;4;2;1;-1;0;0
9;5;5;0;1;-2;0;0
9;6;6;-1;1;-1;0;0
9;7;7;-1;1;-2;1;0
9;8;8;0;1;1;0;0
9;9;9;-1;1;-2;1;0
9;10;10;-1;1;-2;0;0
9;11;11;1;1;1;0;0
9;12;12;0;1;0;0;0
9;13;13;1;1;1;1;0
9;14;14;0;1;-1;0;0
9;15;15;-1;1;-1;1;0
9;16;16;-1;1;1;0;0
9;17;17;-1;1;0;0;0
9;18;18;-1;1;1;1;0
9;19;19;0;1;-2;1;0
9;20;20;-1;1;-1;0;0
9;21;21;0;1;0;1;0
9;22;22;0;1;0;0;0
9;23;23;1;1;0;1;0
9;24;24;-2;1;-3;0;0
9;25;25;-2;1;-3;0;0
9;26;26;0;1;0;0;0
9;27;27;0;1;1;0;0
9;28;28;0;1;1;0;0
9;29;29;-1;1;-1;1;0
9;30;30;-1;1;-1;1;0
9;31;31;-2;1;0;0;0
9;32;32;0;1;1;1;0
9;33;33;0;1;-1;1;0
9;34;34;0;1;0;1;0
10;1;1;0;1;1;0;0
10;2;2;0;1;-1;0;0
10;3;3;0;1;-1;1;0
10;4;4;0;1;0;0;0
10;5;5;0;1;1;0;0
10;6;6;0;1;0;0;0
10;7;7;2;1;0;0;0
10;8;8;0;1;0;1;0
10;9;9;0;1;0;1;0
10;10;10;0;1;0;0;0
10;11;11;0;1;1;0;0
10;12;12;-1;1;1;0;0
10;13;13;0;1;1;1;0
10;14;14;0;1;1;0;0
10;15;15;0;1;0;0;0
10;16;16;0;1;0;0;0
10;17;17;0;1;0;0;0
10;18;18;-1;1;0;0;0
10;19;19;0;1;0;1;0
10;20;20;0;1;0;0;0
10;21;21;0;1;1;1;0
10;22;22;-1;1;0;1;0
10;23;23;0;1;1;0;0
10;24;24;-1;1;1;1;0
10;25;25;-1;1;0;1;0
10;26;26;-1;1;1;0;0
10;27;27;0;1;-1;0;0
10;28;28;0;1;1;0;0
10;29;29;-1;1;0;1;0
10;30;30;0;1;2;0;0
10;31;31;-2;1;1;0;0
10;32;32;-1;1;-1;1;0
10;33;33;0;1;0;1;0
10;34;34;0;1;0;1;0
10;35;35;-1;1;-1;0;0
10;36;36;2;1;2;1;0
10;37;37;0;1;0;1;0
10;38;38;-2;1;-1;0;0
10;39;39;0;1;1;1;0
10;40;40;0;1;0;0;0
10;41;41;-1;1;0;0;0
10;42;42;0;1;2;0;0
10;43;43;0;1;1;0;0
10;44;44;1;1;1;1;0
10;45;45;-2;1;0;0;0
10;46;46;-1;1;0;0;0
10;47;47;0;1;0;1;0
10;48;48;-1;1;-1;0;0
10;49;49;0;1;-1;0;0
10;50;50;0;1;0;1;0
11;1;1;0;1;0;0;1
11;2;2;0;1;-1;0;1
11;3;3;1;1;1;0;1
11;4;4;1;1;0;0;1
11;5;5;1;1;0;0;1
11;6;6;2;1;0;0;1
11;7;7;1;1;2;0;1
11;8;8;2;1;2;0;1
11;9;9;0;1;1;0;1
11;10;10;2;1;1;0;1
11;11;11;1;1;1;0;1
11;12;12;0;1;0;0;1
11;13;13;-2;1;-1;0;1
11;14;14;0;1;1;0;1
11;15;15;0;1;2;0;1
11;16;16;0;1;0;0;1
11;17;17;2;1;1;0;1
11;18;18;-1;1;0;0;1
11;19;19;2;1;2;0;1
11;20;20;0;1;0;0;1
11;21;21;1;1;0;0;1
11;22;22;0;1;-1;0;1
11;23;23;2;1;1;0;1
11;24;24;1;1;1;0;1
11;25;25;0;1;0;0;1
11;26;26;0;1;0;0;1
11;27;27;0;1;1;0;1
11;28;28;-1;1;1;0;1
11;29;29;2;1;1;0;1
11;30;30;0;1;-1;0;1
11;31;31;0;1;-1;0;1
11;32;32;0;1;1;0;1
11;33;33;-2;1;-1;0;1
11;34;34;-1;1;0;0;1
11;35;35;2;1;2;0;1
11;36;36;0;1;3;0;1
11;37;37;1;1;0;0;1
11;38;38;0;1;-1;0;1
11;39;39;1;1;-1;0;1
11;40;40;1;1;0;0;1
11;41;41;0;1;1;0;1
11;42;42;1;1;1;0;1
11;43;43;1;1;1;0;1
11;44;44;2;1;2;0;1
11;45;45;0;1;0;0;1
11;46;46;0;1;1;0;1
11;47;47;0;1;1;0;1
11;48;48;1;1;1;0;1
11;49;49;1;1;2;0;1
11;50;50;1;1;2;0;1
11;51;51;0;1;-1;0;1
11;52;52;2;1;2;0;1
11;53;53;1;1;0;0;1
11;54;54;0;1;0;0;1
11;55;55;1;1;2;0;1
11;56;56;1;1;2;0;1
11;57;57;0;1;1;0;1
11;58;58;1;1;1;0;1
11;59;59;-1;1;0;0;1
11;60;60;0;1;0;0;1
11;61;61;1;1;1;0;1
11;62;62;1;1;1;0;1
12;1;1;-1;1;-1;1;0
12;2;2;1;1;1;1;0
12;3;3;-2;1;-1;0;0
12;4;4;0;1;1;1;0
12;5;5;1;1;1;0;0
12;6;6;0;1;0;1;0
12;7;7;1;1;1;1;0
12;8;8;-1;1;-1;0;0
12;9;9;-2;1;0;0;0
12;10;10;1;1;0;1;0
12;11;11;1;1;0;0;0
12;12;12;0;1;0;1;0
12;13;13;1;1;0;0;0
12;14;14;0;1;0;0;0
12;15;15;1;1;1;1;0
12;16;16;0;1;-1;0;0
12;17;17;0;1;0;1;0
12;18;18;0;1;1;1;0
12;19;19;-1;1;0;1;0
12;20;20;1;1;0;0;0
12;21;21;0;1;-1;0;0
12;22;22;0;1;-1;0;0
12;23;23;-1;1;0;0;0
12;24;24;0;1;-1;1;0
12;25;25;0;1;1;1;0
12;26;26;-1;1;-1;0;0
12;27;27;0;1;1;1;0
12;28;28;-2;1;-2;0;0
12;29;29;1;1;1;1;0
12;30;30;0;1;1;0;0
12;31;31;-2;1;-1;0;0
12;32;32;-1;1;-2;1;0
12;33;33;0;1;2;0;0
12;34;34;0;1;1;1;0
12;35;35;1;1;0;1;0
12;36;36;0;1;0;0;0
12;37;37;-1;1;1;1;0
12;38;38;0;1;0;1;0
12;39;39;1;1;-1;1;0
12;40;40;0;1;-1;0;0
12;41;41;0;1;-1;1;0
12;42;42;0;1;0;0;0
12;43;43;0;1;1;0;0
12;44;44;1;1;1;0;0
12;45;45;1;1;0;1;0
12;46;46;-1;1;0;0;0
12;47;47;0;1;0;1;0
13;1;1;-1;1;-1;1;0
13;2;2;-1;1;-1;0;0
13;3;3;-1;1;-2;1;0
13;4;4;0;1;0;1;0
13;5;5;0;1;1;1;0
13;6;6;1;1;0;1;0
13;7;7;-1;1;-1;1;0
13;8;8;0;1;1;0;0
13;9;9;-2;1;-1;0;0
13;10;10;-2;1;-1;0;0
13;11;11;0;1;0;1;0
13;12;12;-2;1;-2;0;0
13;13;13;0;1;0;1;0
13;14;14;-1;1;-3;0;0
13;15;15;-1;1;0;1;0
13;16;16;2;1;1;1;0
13;17;17;1;1;1;0;0
13;18;18;-2;1;-1;1;0
13;19;19;-1;1;1;1;0
13;20;20;2;1;2;1;0
13;21;21;-1;1;-2;0;0
13;22;22;-1;1;-1;0;0
13;23;23;-1;1;-1;1;0
13;24;24;0;1;0;0;0
13;25;25;-1;1;0;1;0
13;26;26;0;1;0;0;0
13;27;27;0;1;0;0;0
13;28;28;0;1;0;1;0
13;29;29;-1;1;0;0;0
13;30;30;-3;1;-2;0;0
13;31;31;0;1;0;1;0
13;32;32;1;1;1;0;0
13;33;33;-1;1;-2;0;0
13;34;34;1;1;0;0;0
13;35;35;0;1;0;0;0
13;36;36;0;1;1;1;0
13;37;37;0;1;0;1;0
13;38;38;1;1;3;1;0
13;39;39;1;1;0;1;0
13;40;40;1;1;1;0;0
13;41;41;1;1;-1;1;0
13;42;42;0;1;1;1;0
13;43;43;-1;1;-2;1;0
13;44;44;0;1;-1;1;0
13;45;45;1;1;0;1;0
13;46;46;0;1;-1;0;0
13;47;47;0;1;0;1;0
13;48;48;-1;1;0;0;0
13;49;49;-1;1;0;1;0
13;50;50;-1;1;0;1;0
13;51;51;-1;1;2;0;0
13;52;52;1;1;0;1;0
13;53;53;0;1;0;0;0
13;54;54;0;1;1;1;0
13;55;55;2;1;2;1;0
13;56;56;-1;1;0;1;0
13;57;57;1;1;1;1;0
13;58;58;0;1;0;0;0
13;59;59;-1;1;-1;1;0
13;60;60;0;1;0;1;0
13;61;61;-1;1;0;1;0
13;62;62;0;1;0;0;0
13;63;63;-1;1;0;0;0
13;64;64;-1;1;0;1;0
14;1;1;2;1;1;1;0
14;2;2;0;1;0;0;0
14;3;3;0;1;1;0;0
14;4;4;0;1;0;0;0
14;5;5;1;1;1;1;0
14;6;6;0;1;0;1;0
14;7;7;-1;1;0;0;0
14;8;8;0;1;0;0;0
14;9;9;0;1;1;0;0
14;10;10;0;1;0;1;0
14;11;11;1;1;1;1;0
14;12;12;-1;1;-2;1;0
14;13;13;0;1;1;0;0
14;14;14;-1;1;1;0;0
14;15;15;0;1;-1;1;0
14;16;16;0;1;2;0;0
14;17;17;-2;1;0;1;0
14;18;18;1;1;1;1;0
14;19;19;0;1;-1;1;0
14;20;20;0;1;0;1;0
14;21;21;0;1;-1;1;0
14;22;22;0;1;1;1;0
14;23;23;0;1;0;0;0
14;24;24;1;1;1;1;0
14;25;25;-1;1;1;0;0
14;26;26;2;1;0;1;0
14;27;27;0;1;1;1;0
14;28;28;0;1;2;1;0
14;29;29;1;1;1;1;0
14;30;30;-1;1;-1;0;0
14;31;31;-2;1;-2;1;0
14;32;32;-1;1;0;1;0
14;33;33;0;1;0;0;0
14;34;34;-2;1;-1;1;0
14;35;35;0;1;1;1;0
14;36;36;0;1;0;0;0
14;37;37;0;1;1;0;0
14;38;38;-2;1;-1;0;0
14;39;39;0;1;0;1;0
14;40;40;1;1;1;1;0
14;41;41;-2;1;-1;1;0
14;42;42;-2;1;0;1;0
14;43;43;1;1;1;0;0
14;44;44;0;1;0;1;0
14;45;45;-1;1;-1;1;0
14;46;46;0;1;-1;0;0
14;47;47;1;1;1;1;0
14;48;48;1;1;1;0;0
14;49;49;-1;1;-1;1;0
14;50;50;1;1;2;1;0
14;51;51;0;1;1;1;0
14;52;52;-1;1;0;1;0
14;53;53;0;1;1;1;0
14;54;54;-1;1;-1;1;0
14;55;55;0;1;1;0;0
14;56;56;0;1;0;0;0
14;57;57;-1;1;0;0;0
14;58;58;1;1;1;1;0
14;59;59;-1;1;-1;0;0
14;60;60;0;1;0;1;0
14;61;61;-1;1;0;1;0
14;62;62;0;1;2;1;0
14;63;63;-1;1;0;0;0
14;64;64;-1;1;0;1;0
14;65;65;-1;1;1;1;0
14;66;66;1;1;0;1;0
14;67;67;2;1;2;1;0
14;68;68;-1;1;1;0;0
14;69;69;0;1;-1;1;0
14;70;70;2;1;1;1;0
14;71;71;-1;1;1;0;0
14;72;72;-1;1;-1;0;0
14;73;73;0;1;0;0;0
14;74;74;0;1;0;1;0
14;75;75;1;1;1;1;0
14;76;76;1;1;0;0;0
14;77;77;0;1;1;0;0
14;78;78;-1;1;-1;0;0
14;79;79;0;1;0;1;0
14;80;80;1;1;1;1;0
14;81;81;0;1;1;0;0
14;82;82;2;1;2;0;0
14;83;83;0;1;1;0;0
14;84;84;0;1;-1;1;0
14;85;85;0;1;1;0;0
14;86;86;1;1;1;1;0
14;87;87;0;1;-1;0;0
14;88;88;-1;1;0;0;0
14;89;89;0;1;1;1;0
14;90;90;1;1;3;1;0
14;91;91;-1;1;-1;1;0
14;92;92;-1;1;0;1;0
14;93;93;1;1;2;1;0
14;94;94;1;1;2;1;0
14;95;95;1;1;2;1;0
14;96;96;1;1;2;1;0
14;97;97;1;1;0;1;0
14;98;98;-1;1;0;0;0
14;99;99;0;1;1;0;0
14;100;100;-1;1;-2;1;0
14;101;101;0;1;0;0;0
14;102;102;-2;1;0;0;0
14;103;103;0;1;0;0;0
14;104;104;0;1;0;0;0
14;105;105;1;1;-2;0;0
14;106;106;-1;1;-1;0;0
14;107;107;1;1;0;0;0
14;108;108;0;1;0;0;0
14;109;109;-2;1;-2;0;0
14;110;110;-1;1;1;0;0
14;111;111;1;1;2;1;0
14;112;112;1;1;1;1;0
14;113;113;1;1;1;0;0
14;114;114;-1;1;-1;1;0
14;115;115;1;1;0;1;0
14;116;116;0;1;0;1;0
14;117;117;0;1;1;0;0
14;118;118;-1;1;1;0;0
14;119;119;1;1;2;0;0
14;120;120;0;1;-1;1;0
14;121;121;1;1;0;0;0
14;122;122;1;1;2;1;0
14;123;123;1;1;0;1;0
14;124;124;1;1;0;1;0
14;125;125;-1;1;-1;0;0
14;126;126;0;1;1;1;0
14;127;127;0;1;1;0;0
14;128;128;1;1;2;0;0
14;129;129;1;1;1;1;0
14;130;130;0;1;1;1;0
14;131;131;0;1;2;0;0
14;132;132;0;1;0;0;0
14;133;133;0;1;0;0;0
14;134;134;-2;1;-1;1;0
14;135;135;0;1;0;0;0
14;136;136;2;1;2;0;0
14;137;137;0;1;-1;0;0
14;138;138;-2;1;0;1;0
14;139;139;-1;1;0;0;0
14;140;140;1;1;2;1;0
14;141;141;1;1;0;0;0
14;142;142;0;1;1;1;0
14;143;143;0;1;-1;1;0
14;144;144;2;1;1;0;0
14;145;145;0;1;-1;0;0
14;146;146;-2;1;-1;0;0
14;147;147;0;1;0;0;0
14;148;148;1;1;1;1;0
14;149;149;-2;1;-1;0;0
14;150;150;0;1;0;1;0
14;151;151;0;1;-1;0;0
14;152;152;1;1;0;1;0
14;153;153;0;1;0;1;0
14;154;154;2;1;2;0;0
14;155;155;0;1;1;1;0
14;156;156;1;1;1;0;0
14;157;157;1;1;1;1;0
14;158;158;1;1;1;1;0
14;159;159;0;1;1;0;0
14;160;160;1;1;0;0;0
14;161;161;0;1;1;1;0
14;162;162;0;1;0;0;0
14;163;163;0;1;1;1;0
14;164;164;0;1;1;1;0
14;165;165;-1;1;-1;0;0
14;166;166;1;1;1;1;0
14;167;167;-2;1;0;1;0
14;168;168;1;1;1;0;0
14;169;169;-1;1;0;0;0
14;170;170;0;1;0;1;0
14;171;171;-1;1;-1;0;0
14;172;172;-1;1;0;0;0
14;173;173;-1;1;1;1;0
14;174;174;-1;1;0;0;0
14;175;175;1;1;1;0;0
14;176;176;1;1;0;1;0
14;177;177;0;1;0;1;0
14;178;178;2;1;2;1;0
14;179;179;1;1;1;1;0
14;180;180;0;1;-1;0;0
14;181;181;0;1;0;1;0
14;182;182;1;1;0;1;0
14;183;183;0;1;0;0;0
14;184;184;0;1;-1;1;0
14;185;185;1;1;0;1;0
14;186;186;0;1;0;1;0
14;187;187;1;1;0;0;0
14;188;188;0;1;0;1;0
14;189;189;1;1;-1;1;0
14;190;190;-1;1;0;0;0
14;191;191;-1;1;-1;1;0
14;192;192;0;1;1;0;0
14;193;193;0;1;1;0;0
14;194;194;-2;1;0;0;0
14;195;195;-1;1;1;1;0
14;196;196;-2;1;-1;0;0
14;197;197;1;1;1;1;0
14;198;198;1;1;1;0;0
15;1;1;-1;1;-1;1;0
15;2;2;0;1;0;1;0
15;3;3;-1;1;-1;1;0
15;4;4;0;1;0;1;0
15;5;5;0;1;1;0;0
15;6;6;2;1;1;0;0
15;7;7;2;1;2;1;0
15;8;8;0;1;1;0;0
15;9;9;-1;1;1;0;0
15;10;10;2;1;2;0;0
15;11;11;2;1;1;1;0
15;12;12;1;1;0;1;0
15;13;13;0;1;0;1;0
15;14;14;0;1;0;0;0
15;15;15;0;1;0;1;0
15;16;16;0;1;0;1;0
15;17;17;-1;1;-1;0;0
15;18;18;1;1;1;0;0
15;19;19;0;1;-1;0;0
15;20;20;-2;1;-1;1;0
15;21;21;1;1;1;0;0
15;22;22;-1;1;-1;0;0
15;23;23;0;1;0;1;0
15;24;24;-1;1;0;0;0
15;25;25;1;1;1;1;0
15;26;26;0;1;1;0;0
15;27;27;1;1;1;1;0
15;28;28;0;1;1;1;0
15;29;29;0;1;1;1;0
15;30;30;0;1;0;0;0
15;31;31;-1;1;0;0;0
15;32;32;-2;1;0;1;0
15;33;33;0;1;0;0;0
15;34;34;-2;1;-1;0;0
15;35;35;0;1;0;0;0
15;36;36;-1;1;0;1;0
15;37;37;0;1;-1;1;0
15;38;38;1;1;1;1;0
15;39;39;-1;1;0;0;0
15;40;40;-1;1;0;0;0
15;41;41;0;1;1;1;0
15;42;42;0;1;1;1;0
15;43;43;-1;1;-1;0;0
15;44;44;-1;1;-1;1;0
15;45;45;-1;1;-1;1;0
15;46;46;0;1;0;1;0
15;47;47;1;1;0;1;0
15;48;48;0;1;0;1;0
15;49;49;2;1;1;1;0
15;50;50;0;1;-1;0;0
15;51;51;-1;1;0;0;0
15;52;52;-1;1;-1;1;0
15;53;53;0;1;1;1;0
15;54;54;-1;1;-1;0;0
15;55;55;2;1;2;1;0
15;56;56;1;1;1;0;0
15;57;57;-1;1;-1;0;0
15;58;58;-1;1;-1;1;0
15;59;59;0;1;0;1;0
15;60;60;0;1;2;1;0
15;61;61;1;1;1;0;0
15;62;62;2;1;1;0;0
15;63;63;0;1;0;0;0
15;64;64;0;1;0;1;0
15;65;65;0;1;0;0;0
15;66;66;1;1;0;1;0
15;67;67;0;1;0;0;0
15;68;68;1;1;2;0;0
15;69;69;-3;1;-1;0;0
15;70;70;1;1;1;1;0
15;71;71;1;1;1;0;0
15;72;72;-1;1;0;1;0
15;73;73;0;1;0;0;0
15;74;74;-1;1;1;1;0
15;75;75;0;1;0;1;0
15;76;76;-1;1;1;0;0
15;77;77;-1;1;2;0;0
15;78;78;2;1;1;0;0
15;79;79;-1;1;0;1;0
15;80;80;0;1;0;1;0
15;81;81;-2;1;0;0;0
15;82;82;1;1;-1;1;0
15;83;83;1;1;2;0;0
15;84;84;0;1;-1;0;0
15;85;85;1;1;0;0;0
15;86;86;1;1;1;0;0
15;87;87;0;1;1;0;0
15;88;88;-1;1;0;0;0
15;89;89;-1;1;1;0;0
15;90;90;0;1;0;1;0
15;91;91;0;1;1;0;0
16;1;1;0;1;1;1;0
16;2;2;-1;1;0;1;0
16;3;3;1;1;-1;1;0
16;4;4;1;1;1;1;0
16;5;5;1;1;1;1;0
16;6;6;-1;1;1;1;0
16;7;7;0;1;1;1;0
16;8;8;0;1;1;1;0
16;9;9;1;1;2;1;0
16;10;10;0;1;1;1;0
16;11;11;0;1;-1;1;0
16;12;12;-1;1;2;1;0
16;13;13;0;1;1;1;0
16;14;14;0;1;0;1;0
16;15;15;0;1;0;1;0
16;16;16;-2;1;0;1;0
16;17;17;1;1;1;1;0
16;18;18;0;1;1;1;0
16;19;19;-1;1;-1;1;0
16;20;20;0;1;0;1;0
16;21;21;0;1;0;1;0
16;22;22;0;1;1;1;0
16;23;23;0;1;0;1;0
16;24;24;-2;1;0;1;0
16;25;25;-2;1;0;1;0
16;26;26;-1;1;0;1;0
16;27;27;0;1;0;1;0
16;28;28;0;1;1;1;0
16;29;29;-1;1;-1;1;0
16;30;30;0;1;1;1;0
16;31;31;0;1;1;1;0
16;32;32;0;1;1;1;0
16;33;33;0;1;0;1;0
16;34;34;-1;1;-1;1;0
16;35;35;-2;1;-1;1;0
16;36;36;0;1;1;1;0
16;37;37;-2;1;0;1;0
16;38;38;0;1;1;1;0
16;39;39;1;1;0;1;0
16;40;40;-1;1;0;1;0
16;41;41;1;1;1;1;0
16;42;42;-1;1;0;1;0
16;43;43;0;1;1;1;0
16;44;44;-2;1;-1;1;0
16;45;45;-1;1;1;1;0
16;46;46;-1;1;-2;1;0
16;47;47;0;1;0;1;0
16;48;48;-1;1;0;1;0
16;49;49;0;1;1;1;0
16;50;50;0;1;0;1;0
16;51;51;0;1;0;1;0
16;52;52;0;1;-2;1;0
16;53;53;0;1;2;1;0
16;54;54;-1;1;-1;1;0
16;55;55;-1;1;0;1;0
16;56;56;0;1;1;1;0
16;57;57;0;1;0;1;0
16;58;58;1;1;1;1;0
16;59;59;0;1;0;1;0
16;60;60;1;1;1;1;0
16;61;61;1;1;1;1;0
16;62;62;-1;1;0;1;0
16;63;63;0;1;1;1;0
16;64;64;0;1;1;1;0
16;65;65;0;1;0;1;0
16;66;66;1;1;1;1;0
16;67;67;1;1;1;1;0
16;68;68;1;1;1;1;0
16;69;69;-1;1;0;1;0
16;70;70;0;1;0;1;0
16;71;71;0;1;1;1;0
16;72;72;-1;1;-1;1;0
16;73;73;1;1;1;1;0
16;74;74;-1;1;-2;1;0
16;75;75;-1;1;0;1;0
16;76;76;-1;1;0;1;0
16;77;77;0;1;-1;1;0
16;78;78;0;1;1;1;0
16;79;79;0;1;-1;1;0
16;80;80;0;1;2;1;0
16;81;81;-1;1;0;1;0
16;82;82;0;1;1;1;0
16;83;83;-1;1;0;1;0
16;84;84;1;1;1;1;0
16;85;85;-1;1;0;1;0
16;86;86;0;1;1;1;0
16;87;87;0;1;1;1;0
16;88;88;-1;1;-1;1;0
17;1;1;-1;1;-1;1;0
17;2;2;1;1;0;0;0
17;3;3;0;1;1;1;0
17;4;4;-3;1;-2;1;0
17;5;5;0;1;-1;0;0
17;6;6;0;1;-2;0;0
17;7;7;-2;1;-2;0;0
17;8;8;0;1;0;1;0
17;9;9;-1;1;0;1;0
17;10;10;-1;1;-1;1;0
17;11;11;-2;1;-1;1;0
17;12;12;1;1;1;1;0
17;13;13;0;1;-1;1;0
17;14;14;1;1;0;1;0
17;15;15;0;1;-2;1;0
17;16;16;-1;1;0;1;0
17;17;17;1;1;1;0;0
17;18;18;1;1;2;1;0
17;19;19;-1;1;0;1;0
17;20;20;-1;1;-1;0;0
17;21;21;-3;1;-2;1;0
17;22;22;0;1;0;1;0
17;23;23;0;1;0;1;0
17;24;24;0;1;-2;1;0
17;25;25;-1;1;-1;1;0
17;26;26;0;1;0;1;0
17;27;27;0;1;1;0;0
17;28;28;0;1;1;0;0
17;29;29;0;1;-1;0;0
17;30;30;0;1;-1;1;0
17;31;31;0;1;1;1;0
17;32;32;0;1;2;1;0
17;33;33;0;1;0;1;0
17;34;34;-1;1;0;0;0
17;35;35;1;1;0;0;0
17;36;36;-2;1;-2;0;0
17;37;37;1;1;1;1;0
17;38;38;0;1;-2;0;0
17;39;39;0;1;1;1;0
17;40;40;1;1;2;0;0
17;41;41;-1;1;1;1;0
17;42;42;1;1;2;1;0
17;43;43;1;1;0;1;0
17;44;44;0;1;1;1;0
17;45;45;-3;1;-2;1;0
17;46;46;0;1;-1;1;0
17;47;47;-1;1;-1;1;0
17;48;48;-1;1;0;0;0
17;49;49;1;1;1;1;0
17;50;50;0;1;2;0;0
17;51;51;0;1;-1;1;0
17;52;52;0;1;0;1;0
17;53;53;0;1;0;1;0
17;54;54;0;1;1;1;0
17;55;55;-1;1;0;1;0
17;56;56;-1;1;-3;0;0
17;57;57;1;1;1;1;0
17;58;58;1;1;1;1;0
17;59;59;0;1;-1;1;0
17;60;60;1;1;2;1;0
17;61;61;-1;1;0;1;0
17;62;62;0;1;0;1;0
17;63;63;2;1;0;0;0
17;64;64;0;1;-1;1;0
17;65;65;0;1;-2;1;0
17;66;66;0;1;-1;1;0
17;67;67;0;1;0;1;0
17;68;68;-1;1;-1;1;0
17;69;69;0;1;-1;1;0
17;70;70;-1;1;0;0;0
17;71;71;1;1;1;0;0
17;72;72;1;1;1;1;0
17;73;73;0;1;0;1;0
17;74;74;0;1;1;1;0
17;75;75;-1;1;0;1;0
17;76;76;-1;1;0;1;0
17;77;77;0;1;0;1;0
17;78;78;-1;1;-1;0;0
17;79;79;0;1;1;1;0
17;80;80;0;1;1;1;0
17;81;81;0;1;0;1;0
17;82;82;0;1;1;1;0
17;83;83;0;1;0;0;0
17;84;84;-1;1;0;1;0
17;85;85;-2;1;0;0;0
17;86;86;0;1;0;0;0
17;87;87;0;1;-1;1;0
17;88;88;-1;1;-1;1;0
17;89;89;-1;1;-1;1;0
17;90;90;0;1;2;0;0
17;91;91;0;1;2;1;0
17;92;92;-1;1;0;1;0
17;93;93;-1;1;0;0;0
17;94;94;-1;1;1;1;0
17;95;95;1;1;1;1;0
17;96;96;-1;1;0;1;0
17;97;97;-2;1;0;1;0
17;98;98;1;1;0;1;0
17;99;99;-2;1;0;1;0
17;100;100;1;1;0;1;0
17;101;101;1;1;3;1;0
17;102;102;0;1;-1;1;0
17;103;103;0;1;-1;1;0
17;104;104;0;1;0;1;0
17;105;105;0;1;0;1;0
17;106;106;1;1;-1;1;0
17;107;107;1;1;0;1;0
17;108;108;-2;1;-1;1;0
17;109;109;0;1;0;1;0
17;110;110;-1;1;0;1;0
17;111;111;0;1;0;1;0
17;112;112;0;1;0;1;0
17;113;113;1;1;1;1;0
17;114;114;0;1;-2;0;0
17;115;115;0;1;0;1;0
17;116;116;1;1;0;1;0
17;117;117;0;1;1;0;0
17;118;118;0;1;0;1;0
17;119;119;0;1;0;1;0
17;120;120;1;1;1;1;0
17;121;121;0;1;-1;1;0
17;122;122;-1;1;0;1;0
17;123;123;-1;1;-1;0;0
17;124;124;-2;1;-3;0;0
17;125;125;-1;1;0;1;0
17;126;126;-3;1;-2;0;0
18;1;1;-1;1;0;1;0
18;2;2;2;1;2;1;0
18;3;3;-1;1;-1;1;0
18;4;4;0;1;-1;1;0
18;5;5;0;1;1;1;0
18;6;6;1;1;0;1;0
18;7;7;0;1;0;1;0
18;8;8;0;1;0;1;0
18;9;9;-1;1;1;1;0
18;10;10;0;1;0;1;0
18;11;11;1;1;0;1;0
18;12;12;1;1;0;1;0
18;13;13;0;1;0;1;0
18;14;14;-1;1;-1;1;0
18;15;15;-1;1;1;1;0
18;16;16;0;1;1;1;0
18;17;17;0;1;1;1;0
18;18;18;-1;1;0;1;0
18;19;19;0;1;0;1;0
18;20;20;1;1;1;1;0
18;21;21;0;1;0;1;0
18;22;22;0;1;0;1;0
18;23;23;0;1;1;1;0
18;24;24;1;1;0;1;0
18;25;25;0;1;0;1;0
18;26;26;0;1;1;1;0
18;27;27;-1;1;0;1;0
18;28;28;-2;1;0;1;0
18;29;29;0;1;-1;1;0
18;30;30;-1;1;1;1;0
18;31;31;0;1;0;1;0
18;32;32;-1;1;0;1;0
18;33;33;1;1;-1;1;0
18;34;34;-1;1;0;1;0
18;35;35;0;1;-1;1;0
18;36;36;-1;1;-1;1;0
18;37;37;0;1;0;1;0
18;38;38;1;1;0;1;0
18;39;39;2;1;-1;1;0
18;40;40;-1;1;-1;1;0
18;41;41;0;1;1;1;0
18;42;42;1;1;0;1;0
18;43;43;0;1;0;1;0
18;44;44;1;1;1;1;0
18;45;45;0;1;1;1;0
18;46;46;0;1;1;1;0
18;47;47;0;1;0;1;0
18;48;48;0;1;0;1;0
18;49;49;-1;1;1;1;0
18;50;50;0;1;0;1;0
18;51;51;-1;1;-1;1;0
18;52;52;0;1;-1;1;0
18;53;53;0;1;0;1;0
18;54;54;0;1;-1;1;0
18;55;55;-1;1;0;1;0
18;56;56;1;1;0;1;0
18;57;57;-1;1;-1;1;0
18;58;58;1;1;0;1;0
18;59;59;0;1;0;1;0
18;60;60;0;1;0;1;0
18;61;61;1;1;-1;1;0
18;62;62;0;1;-1;1;0
18;63;63;2;1;2;1;0
18;64;64;0;1;1;1;0
18;65;65;0;1;0;1;0
18;66;66;1;1;2;1;0
18;67;67;-1;1;1;1;0
18;68;68;1;1;1;1;0
18;69;69;1;1;0;1;0
18;70;70;1;1;0;1;0
18;71;71;-1;1;0;1;0
18;72;72;1;1;1;1;0
18;73;73;0;1;1;1;0
18;74;74;-1;1;-1;1;0
18;75;75;0;1;1;1;0
18;76;76;-1;1;0;1;0
18;77;77;-1;1;-1;1;0
18;78;78;-1;1;0;1;0
18;79;79;1;1;1;1;0
18;80;80;1;1;1;1;0
18;81;81;1;1;1;1;0
18;82;82;0;1;-1;1;0
18;83;83;-1;1;0;1;0
18;84;84;0;1;1;1;0
18;85;85;1;1;0;1;0
18;86;86;1;1;-2;1;0
18;87;87;-1;1;0;1;0
18;88;88;1;1;0;1;0
18;89;89;0;1;-1;1;0
18;90;90;-2;1;-1;1;0
18;91;91;0;1;0;1;0
18;92;92;-1;1;0;1;0
18;93;93;-1;1;0;1;0
18;94;94;0;1;0;1;0
18;95;95;-2;1;0;1;0
18;96;96;-1;1;0;1;0
18;97;97;0;1;0;1;0
18;98;98;1;1;0;1;0
18;99;99;0;1;-1;1;0
18;100;100;-1;1;0;1;0
18;101;101;1;1;1;1;0
18;102;102;1;1;1;1;0
18;103;103;1;1;0;1;0
18;104;104;0;1;0;1;0
18;105;105;1;1;0;1;0
18;106;106;1;1;1;1;0
18;107;107;1;1;1;1;0
18;108;108;-1;1;0;1;0
18;109;109;0;1;-1;1;0
18;110;110;0;1;0;1;0
18;111;111;0;1;1;1;0
18;112;112;0;1;1;1;0
18;113;113;0;1;0;1;0
18;114;114;0;1;0;1;0
18;115;115;0;1;1;1;0
18;116;116;0;1;1;1;0
18;117;117;-1;1;0;1;0
18;118;118;0;1;0;1;0
18;119;119;1;1;1;1;0
18;120;120;0;1;1;1;0
19;1;1;-2;1;-1;0;0
19;2;2;0;1;1;1;0
19;3;3;0;1;0;0;0
19;4;4;1;1;1;1;0
19;5;5;0;1;1;0;0
19;6;6;2;1;1;1;0
19;7;7;1;1;2;1;0
19;8;8;-1;1;0;0;0
19;9;9;0;1;0;0;0
19;10;10;0;1;1;0;0
19;11;11;0;1;1;0;0
19;12;12;0;1;0;0;0
19;13;13;1;1;0;1;0
19;14;14;-1;1;0;0;0
19;15;15;1;1;1;1;0
19;16;16;-1;1;0;0;0
19;17;17;-1;1;0;0;0
19;18;18;1;1;0;1;0
19;19;19;0;1;0;0;0
19;20;20;1;1;1;0;0
19;21;21;-1;1;1;0;0
19;22;22;-1;1;0;0;0
19;23;23;2;1;1;1;0
19;24;24;1;1;0;1;0
19;25;25;0;1;0;0;0
19;26;26;-1;1;-1;0;0
19;27;27;1;1;1;0;0
19;28;28;-1;1;1;1;0
19;29;29;-1;1;0;1;0
19;30;30;0;1;0;1;0
19;31;31;0;1;0;0;0
19;32;32;0;1;0;0;0
19;33;33;0;1;1;0;0
19;34;34;0;1;0;0;0
19;35;35;0;1;1;1;0
19;36;36;0;1;1;1;0
19;37;37;1;1;1;0;0
19;38;38;0;1;1;0;0
19;39;39;1;1;0;0;0
19;40;40;1;1;1;1;0
19;41;41;1;1;0;0;0
19;42;42;1;1;1;0;0
19;43;43;-1;1;0;0;0
19;44;44;-1;1;-1;0;0
19;45;45;2;1;1;1;0
19;46;46;-1;1;-1;0;0
19;47;47;-1;1;1;1;0
19;48;48;2;1;1;1;0
19;49;49;0;1;1;1;0
19;50;50;0;1;0;1;0
19;51;51;1;1;1;0;0
19;52;52;-2;1;0;1;0
19;53;53;2;1;1;0;0
19;54;54;0;1;0;1;0
19;55;55;-1;1;0;0;0
20;1;1;-1;1;0;0;0
20;2;2;1;1;2;0;0
20;3;3;0;1;1;0;0
20;4;4;0;1;-1;1;0
20;5;5;0;1;0;0;0
20;6;6;1;1;0;1;0
20;7;7;-1;1;0;1;0
20;8;8;2;1;1;1;0
20;9;9;0;1;-1;0;0
20;10;10;0;1;-1;0;0
20;11;11;1;1;0;0;0
20;12;12;-2;1;-1;0;0
20;13;13;0;1;0;1;0
20;14;14;1;1;1;0;0
20;15;15;0;1;-1;1;0
20;16;16;0;1;-1;1;0
20;17;17;1;1;-1;0;0
20;18;18;1;1;2;1;0
20;19;19;0;1;1;1;0
20;20;20;0;1;-1;1;0
20;21;21;1;1;1;0;0
20;22;22;1;1;2;0;0
20;23;23;0;1;0;0;0
20;24;24;0;1;1;1;0
20;25;25;0;1;0;0;0
20;26;26;2;1;2;0;0
20;27;27;2;1;2;1;0
20;28;28;1;1;1;1;0
20;29;29;1;1;0;1;0
20;30;30;1;1;2;1;0
20;31;31;2;1;2;1;0
20;32;32;0;1;1;0;0
20;33;33;1;1;1;0;0
20;34;34;1;1;1;0;0
20;35;35;1;1;1;0;0
20;36;36;1;1;2;0;0
20;37;37;0;1;0;1;0
20;38;38;1;1;-1;0;0
20;39;39;0;1;0;1;0
21;1;1;0;1;-1;1;0
21;2;2;1;1;0;1;0
21;3;3;1;1;-1;1;0
21;4;4;0;1;0;1;0
21;5;5;0;1;0;1;0
21;6;6;0;1;0;1;0
21;7;7;0;1;1;1;0
21;8;8;1;1;1;1;0
21;9;9;0;1;0;1;0
21;10;10;0;1;1;1;0
21;11;11;1;1;0;1;0
21;12;12;0;1;-1;1;0
21;13;13;1;1;1;1;0
21;14;14;1;1;1;1;0
21;15;15;0;1;-1;1;0
21;16;16;1;1;0;1;0
21;17;17;2;1;2;1;0
21;18;18;0;1;0;1;0
21;19;19;1;1;1;1;0
21;20;20;-1;1;0;1;0
21;21;21;1;1;1;1;0
21;22;22;1;1;1;1;0
21;23;23;0;1;0;1;0
21;24;24;-1;1;1;1;0
21;25;25;2;1;2;1;0
21;26;26;0;1;0;1;0
21;27;27;1;1;0;1;0
21;28;28;2;1;2;1;0
21;29;29;0;1;0;1;0
21;30;30;-1;1;-1;1;0
21;31;31;0;1;-1;1;0
21;32;32;1;1;0;1;0
21;33;33;0;1;0;1;0
21;34;34;1;1;0;1;0
21;35;35;1;1;2;1;0
21;36;36;1;1;0;1;0
21;37;37;1;1;1;1;0
21;38;38;0;1;-1;1;0
21;39;39;-1;1;-2;1;0
21;40;40;1;1;0;1;0
21;41;41;1;1;0;1;0
21;42;42;0;1;1;1;0
21;43;43;-1;1;-2;1;0
21;44;44;1;1;1;1;0
21;45;45;0;1;1;1;0
21;46;46;1;1;1;1;0
21;47;47;0;1;-2;1;0
21;48;48;1;1;1;1;0
21;49;49;0;1;-1;1;0
21;50;50;-2;1;-2;1;0
21;51;51;1;1;0;1;0
21;52;52;0;1;1;1;0
21;53;53;0;1;1;1;0
21;54;54;0;1;0;1;0
21;55;55;0;1;-1;1;0
21;56;56;0;1;1;1;0
21;57;57;0;1;0;1;0
21;58;58;-1;1;-1;1;0
21;59;59;1;1;1;1;0
21;60;60;0;1;-1;1;0
21;61;61;1;1;1;1;0
21;62;62;0;1;0;1;0
21;63;63;0;1;0;1;0
21;64;64;0;1;0;1;0
21;65;65;0;1;0;1;0
21;66;66;2;1;0;1;0
21;67;67;0;1;0;1;0
21;68;68;1;1;1;1;0
21;69;69;0;1;1;1;0
21;70;70;2;1;1;1;0
21;71;71;0;1;0;1;0
21;72;72;0;1;1;1;0
21;73;73;0;1;0;1;0
22;1;1;0;1;-1;1;0
22;2;2;2;1;3;0;0
22;3;3;-2;1;0;1;0
22;4;4;1;1;1;0;0
22;5;5;0;1;2;1;0
22;6;6;0;1;1;1;0
22;7;7;0;1;0;1;0
22;8;8;0;1;1;0;0
22;9;9;0;1;-1;0;0
22;10;10;0;1;1;1;0
22;11;11;0;1;0;1;0
22;12;12;-1;1;0;1;0
22;13;13;-1;1;0;1;0
22;14;14;-1;1;0;0;0
22;15;15;0;1;-1;0;0
22;16;16;-1;1;0;0;0
22;17;17;1;1;1;0;0
22;18;18;0;1;0;0;0
22;19;19;-1;1;-1;0;0
22;20;20;1;1;1;1;0
22;21;21;1;1;0;1;0
22;22;22;-2;1;-2;0;0
22;23;23;-1;1;-2;0;0
22;24;24;0;1;0;1;0
22;25;25;0;1;0;0;0
22;26;26;1;1;0;0;0
22;27;27;-1;1;-1;0;0
22;28;28;1;1;0;0;0
22;29;29;1;1;0;0;0
22;30;30;0;1;0;1;0
22;31;31;0;1;0;1;0
22;32;32;0;1;-1;1;0
22;33;33;0;1;1;0;0
22;34;34;0;1;-1;1;0
22;35;35;-1;1;0;0;0
22;36;36;0;1;1;1;0
22;37;37;0;1;-1;0;0
22;38;38;-2;1;-2;0;0
22;39;39;0;1;1;0;0
22;40;40;-2;1;-1;1;0
22;41;41;-1;1;-1;1;0
22;42;42;-1;1;0;0;0
22;43;43;0;1;-1;0;0
22;44;44;-1;1;1;1;0
22;45;45;-1;1;-1;0;0
22;46;46;-1;1;0;0;0
22;47;47;1;1;1;1;0
22;48;48;-1;1;-1;1;0
22;49;49;-1;1;-1;1;0
22;50;50;-1;1;2;0;0
22;51;51;-1;1;0;1;0
22;52;52;-2;1;-1;1;0
22;53;53;0;1;2;1;0
22;54;54;-1;1;1;1;0
22;55;55;-1;1;0;0;0
22;56;56;0;1;2;0;0
22;57;57;1;1;1;1;0
22;58;58;-2;1;-1;0;0
22;59;59;-1;1;-1;0;0
22;60;60;-1;1;0;0;0
22;61;61;0;1;0;1;0
22;62;62;-1;1;-2;0;0
22;63;63;-2;1;-2;0;0
22;64;64;-2;1;-1;1;0
22;65;65;1;1;1;0;0
22;66;66;-2;1;-1;0;0
22;67;67;0;1;1;1;0
22;68;68;0;1;0;1;0
22;69;69;0;1;-2;1;0
22;70;70;-2;1;-1;0;0
22;71;71;-1;1;-1;0;0
22;72;72;-3;1;-1;0;0
22;73;73;-1;1;0;0;0
22;74;74;0;1;0;1;0
22;75;75;0;1;-1;0;0
22;76;76;1;1;2;0;0
22;77;77;0;1;0;1;0
22;78;78;0;1;0;0;0
22;79;79;0;1;1;0;0
22;80;80;-1;1;-1;1;0
22;81;81;-2;1;-1;0;0
22;82;82;0;1;0;1;0
22;83;83;-2;1;-2;0;0
22;84;84;-1;1;-1;0;0
22;85;85;0;1;0;1;0
22;86;86;0;1;0;1;0
22;87;87;0;1;2;0;0
22;88;88;-1;1;0;1;0
22;89;89;-1;1;0;1;0
22;90;90;0;1;1;1;0
23;1;1;0;1;0;1;0
23;2;2;-2;1;-1;0;0
23;3;3;-1;1;0;0;0
23;4;4;-1;1;2;0;0
23;5;5;-1;1;-1;1;0
23;6;6;1;1;-2;0;0
23;7;7;0;1;1;0;0
23;8;8;-2;1;-1;1;0
23;9;9;1;1;0;1;0
23;10;10;-1;1;0;0;0
23;11;11;1;1;0;1;0
23;12;12;-1;1;1;1;0
23;13;13;1;1;1;1;0
23;14;14;-2;1;-1;1;0
23;15;15;-3;1;-2;1;0
23;16;16;1;1;1;0;0
23;17;17;-1;1;0;1;0
23;18;18;-1;1;0;1;0
23;19;19;-1;1;-2;0;0
23;20;20;0;1;0;1;0
23;21;21;0;1;1;1;0
23;22;22;-2;1;0;1;0
23;23;23;-1;1;1;1;0
23;24;24;0;1;-1;1;0
23;25;25;-3;1;-2;0;0
23;26;26;1;1;-1;0;0
23;27;27;-2;1;0;1;0
23;28;28;-1;1;-2;1;0
24;1;1;0;1;1;0;0
24;2;2;2;1;1;0;0
24;3;3;0;1;-1;0;0
24;4;4;1;1;-1;0;0
24;5;5;0;1;0;0;0
24;6;6;1;1;0;0;0
24;7;7;-1;1;-3;0;0
24;8;8;-1;1;-1;0;0
24;9;9;-1;1;-1;0;0
24;10;10;0;1;0;0;0
24;11;11;1;1;0;0;0
24;12;12;2;1;1;0;0
24;13;13;0;1;0;0;0
24;14;14;0;1;0;0;0
24;15;15;0;1;-2;0;0
24;16;16;-1;1;0;0;0
24;17;17;2;1;-1;0;0
24;18;18;0;1;1;0;0
24;19;19;2;1;1;0;0
24;20;20;0;1;-2;0;0
24;21;21;-3;1;-1;0;0
24;22;22;0;1;0;0;0
24;23;23;0;1;0;0;0
24;24;24;0;1;0;0;0
24;25;25;-1;1;-1;0;0
24;26;26;-1;1;0;0;0
24;27;27;1;1;0;0;0
24;28;28;-1;1;-1;0;0
24;29;29;-2;1;-1;0;0
24;30;30;1;1;-1;0;0
24;31;31;-1;1;0;0;0
24;32;32;-1;1;0;0;0
24;33;33;-1;1;-2;0;0
24;34;34;1;1;-1;0;0
24;35;35;1;1;-1;0;0
24;36;36;1;1;0;0;0
24;37;37;-1;1;-1;0;0
25;1;1;-1;1;0;1;-1
25;2;2;0;1;-2;1;-1
25;3;3;0;1;0;1;-1
25;4;4;0;1;1;1;-1
25;5;5;0;1;-1;1;-1
25;6;6;0;1;-1;1;-1
25;7;7;0;1;-2;1;-1
25;8;8;1;1;-1;1;-1
25;9;9;0;1;1;1;-1
25;10;10;-1;1;-1;1;-1
25;11;11;-1;1;-2;1;-1
25;12;12;0;1;1;1;-1
25;13;13;0;1;0;1;-1
25;14;14;0;1;0;1;-1
25;15;15;0;1;-1;1;-1
25;16;16;-2;1;-2;1;-1
25;17;17;0;1;1;1;-1
25;18;18;-3;1;-2;1;-1
25;19;19;-3;1;-2;1;-1
25;20;20;-3;1;-2;1;-1
25;21;21;-1;1;0;1;-1
25;22;22;-2;1;-2;1;-1
25;23;23;1;1;0;1;-1
25;24;24;-2;1;-3;1;-1
25;25;25;0;1;-1;1;-1
25;26;26;-1;1;0;1;-1
25;27;27;-1;1;-1;1;-1
25;28;28;0;1;1;1;-1
25;29;29;0;1;0;1;-1
25;30;30;1;1;1;1;-1
25;31;31;0;1;0;1;-1
25;32;32;-1;1;-2;1;-1
25;33;33;-1;1;-2;1;-1
25;34;34;-1;1;-1;1;-1
25;35;35;0;1;0;1;-1
25;36;36;0;1;0;1;-1
25;37;37;-1;1;-2;1;-1
25;38;38;0;1;-1;1;-1
25;39;39;0;1;-1;1;-1
25;40;40;-1;1;0;1;-1
25;41;41;-1;1;-1;1;-1
25;42;42;-2;1;0;1;-1
25;43;43;0;1;0;1;-1
25;44;44;0;1;0;1;-1
25;45;45;0;1;1;1;-1
25;46;46;-1;1;-1;1;-1
25;47;47;-1;1;-1;1;-1
25;48;48;-1;1;0;1;-1
25;49;49;0;1;1;1;-1
25;50;50;1;1;1;1;-1
25;51;51;0;1;-1;1;-1
25;52;52;-1;1;-1;1;-1
25;53;53;-1;1;-2;1;-1
25;54;54;1;1;0;1;-1
25;55;55;-1;1;-1;1;-1
25;56;56;0;1;2;1;-1
25;57;57;-1;1;-1;1;-1
25;58;58;0;1;-2;1;-1
25;59;59;-1;1;-1;1;-1
25;60;60;-3;1;-3;1;-1
25;61;61;0;1;0;1;-1
25;62;62;0;1;-1;1;-1
25;63;63;0;1;-1;1;-1
25;64;64;-1;1;-1;1;-1
25;65;65;-2;1;-1;1;-1
25;66;66;-1;1;-2;1;-1
25;67;67;-1;1;-2;1;-1
25;68;68;-2;1;0;1;-1
25;69;69;0;1;-1;1;-1
25;70;70;-1;1;-1;1;-1
25;71;71;-1;1;-1;1;-1
25;72;72;-3;1;-2;1;-1
25;73;73;0;1;1;1;-1
26;1;1;-1;1;-2;0;-1
26;2;2;0;1;0;0;-1
26;3;3;1;1;-1;0;-1
26;4;4;0;1;-1;1;-1
26;5;5;0;1;0;1;-1
26;6;6;0;1;-1;1;-1
26;7;7;0;1;0;0;-1
26;8;8;-1;1;-1;0;-1
26;9;9;0;1;0;0;-1
26;10;10;1;1;-1;0;-1
26;11;11;-1;1;-1;0;-1
26;12;12;-2;1;-2;0;-1
26;13;13;-1;1;-1;1;-1
26;14;14;-1;1;-1;0;-1
26;15;15;0;1;1;0;-1
26;16;16;1;1;0;0;-1
26;17;17;0;1;-1;1;-1
26;18;18;0;1;-1;1;-1
26;19;19;1;1;0;1;-1
26;20;20;0;1;-1;1;-1
26;21;21;0;1;-1;1;-1
26;22;22;-1;1;-3;0;-1
26;23;23;0;1;-1;0;-1
26;24;24;-1;1;0;0;-1
26;25;25;1;1;1;1;-1
26;26;26;-1;1;0;0;-1
26;27;27;1;1;1;1;-1
26;28;28;-2;1;1;1;-1
26;29;29;0;1;0;0;-1
26;30;30;1;1;0;0;-1
26;31;31;-1;1;0;0;-1
26;32;32;0;1;-1;1;-1
26;33;33;-1;1;-1;0;-1
26;34;34;-1;1;-1;1;-1
26;35;35;0;1;-2;0;-1
26;36;36;0;1;0;0;-1
26;37;37;-1;1;-1;1;-1
26;38;38;1;1;1;0;-1
26;39;39;0;1;-2;1;-1
26;40;40;0;1;-2;0;-1
26;41;41;0;1;0;1;-1
26;42;42;-1;1;-2;0;-1
26;43;43;-1;1;-1;0;-1
26;44;44;0;1;0;0;-1
26;45;45;0;1;-1;1;-1
26;46;46;-1;1;-2;0;-1
26;47;47;-1;1;-1;0;-1
26;48;48;0;1;0;1;-1
26;49;49;0;1;-3;1;-1
26;50;50;-2;1;-2;1;-1
26;51;51;0;1;-1;0;-1
26;52;52;0;1;0;1;-1
26;53;53;0;1;2;0;-1
26;54;54;0;1;-1;0;-1
26;55;55;1;1;0;0;-1
26;56;56;0;1;0;1;-1
26;57;57;-2;1;-2;1;-1
26;58;58;-1;1;0;0;-1
26;59;59;0;1;0;1;-1
26;60;60;0;1;-1;1;-1
26;61;61;0;1;1;1;-1
26;62;62;-2;1;-1;1;-1
26;63;63;2;1;1;1;-1
26;64;64;0;1;-2;0;-1
26;65;65;-1;1;-2;0;-1
26;66;66;0;1;0;0;-1
26;67;67;1;1;0;1;-1
26;68;68;-3;1;-1;0;-1
26;69;69;-1;1;-1;0;-1
26;70;70;-1;1;-2;0;-1
26;71;71;-2;1;-3;0;-1
26;72;72;0;1;0;0;-1
26;73;73;-1;1;-1;0;-1
26;74;74;-1;1;-1;1;-1
26;75;75;-1;1;-2;0;-1
27;1;1;1;1;1;0;-1
27;2;2;0;1;-3;0;-1
27;3;3;0;1;-1;0;-1
27;4;4;1;1;0;0;-1
27;5;5;-2;1;-2;0;-1
27;6;6;0;1;0;0;-1
27;7;7;-1;1;-1;0;-1
27;8;8;-2;1;-2;0;-1
27;9;9;0;1;0;0;-1
27;10;10;0;1;0;0;-1
27;11;11;0;1;0;0;-1
27;12;12;-1;1;0;0;-1
27;13;13;-1;1;0;0;-1
27;14;14;1;1;1;0;-1
27;15;15;0;1;-1;0;-1
27;16;16;1;1;1;0;-1
27;17;17;-1;1;-1;0;-1
27;18;18;-2;1;-3;0;-1
27;19;19;-1;1;-1;0;-1
27;20;20;0;1;-2;0;-1
27;21;21;-1;1;-1;0;-1
27;22;22;1;1;1;0;-1
27;23;23;0;1;1;0;-1
27;24;24;-1;1;-1;0;-1
27;25;25;0;1;-1;0;-1
27;26;26;-1;1;-1;0;-1
27;27;27;0;1;0;0;-1
27;28;28;1;1;-1;0;-1
27;29;29;-1;1;-3;0;-1
27;30;30;1;1;1;0;-1
27;31;31;0;1;-1;0;-1
27;32;32;-1;1;-1;0;-1
27;33;33;-2;1;-1;0;-1
27;34;34;-1;1;-1;0;-1
27;35;35;-1;1;0;0;-1
27;36;36;-1;1;-1;0;-1
27;37;37;0;1;0;0;-1
27;38;38;0;1;0;0;-1
27;39;39;1;1;0;0;-1
28;1;1;-1;1;0;0;0
28;2;2;-1;1;1;1;0
28;3;3;0;1;-1;0;0
28;4;4;-1;1;0;1;0
28;5;5;0;1;0;0;0
28;6;6;-1;1;-2;1;0
28;7;7;-1;1;0;1;0
28;8;8;0;1;1;0;0
28;9;9;-2;1;-2;0;0
28;10;10;-1;1;0;0;0
28;11;11;0;1;2;1;0
28;12;12;-1;1;-1;0;0
28;13;13;-1;1;0;0;0
28;14;14;-1;1;-1;0;0
28;15;15;-1;1;-1;0;0
28;16;16;-1;1;0;0;0
28;17;17;-1;1;0;1;0
28;18;18;-1;1;0;0;0
28;19;19;-1;1;0;0;0
28;20;20;0;1;0;1;0
28;21;21;0;1;1;1;0
28;22;22;0;1;0;0;0
28;23;23;-2;1;-1;0;0
28;24;24;-2;1;-1;0;0
28;25;25;-2;1;0;0;0
28;26;26;-1;1;0;1;0
28;27;27;0;1;0;1;0
28;28;28;0;1;-1;0;0
28;29;29;-1;1;-1;1;0
28;30;30;0;1;1;1;0
28;31;31;-2;1;1;1;0
28;32;32;-2;1;0;0;0
28;33;33;-1;1;-1;1;0
28;34;34;0;1;1;0;0
28;35;35;-1;1;-1;0;0
28;36;36;-1;1;-1;0;0
28;37;37;-2;1;-2;0;0
28;38;38;-1;1;0;0;0
28;39;39;-1;1;0;1;0
28;40;40;0;1;0;1;0
28;41;41;0;1;0;1;0
28;42;42;-1;1;-1;1;0
28;43;43;-2;1;-2;1;0
28;44;44;0;1;0;1;0
28;45;45;0;1;1;1;0
28;46;46;-3;1;-3;0;0
28;47;47;-1;1;0;1;0
28;48;48;-1;1;-2;0;0
28;49;49;0;1;-2;0;0
28;50;50;-1;1;0;1;0
28;51;51;-1;1;0;1;0
28;52;52;-1;1;0;1;0
28;53;53;0;1;-1;0;0
28;54;54;-1;1;-1;0;0
28;55;55;-2;1;-1;0;0
28;56;56;-1;1;0;1;0
28;57;57;-1;1;-1;0;0
29;1;1;1;1;1;1;0
29;2;2;-1;1;-1;1;0
29;3;3;1;1;1;1;0
29;4;4;1;1;-2;1;0
29;5;5;0;1;0;1;0
29;6;6;0;1;1;1;0
29;7;7;1;1;0;1;0
29;8;8;0;1;1;1;0
29;9;9;0;1;0;1;0
29;10;10;0;1;-1;1;0
29;11;11;1;1;0;1;0
29;12;12;-1;1;-1;1;0
29;13;13;1;1;1;1;0
29;14;14;-1;1;0;1;0
29;15;15;-1;1;-2;1;0
29;16;16;0;1;0;1;0
29;17;17;0;1;-1;1;0
29;18;18;1;1;0;1;0
29;19;19;0;1;-1;1;0
29;20;20;1;1;0;1;0
29;21;21;-1;1;-2;1;0
29;22;22;0;1;0;1;0
29;23;23;0;1;0;1;0
29;24;24;0;1;-1;1;0
29;25;25;-1;1;-1;1;0
29;26;26;0;1;-1;1;0
29;27;27;1;1;0;1;0
29;28;28;0;1;0;1;0
29;29;29;1;1;0;1;0
29;30;30;-1;1;0;1;0
29;31;31;0;1;-2;1;0
29;32;32;0;1;-1;1;0
29;33;33;0;1;0;1;0
29;34;34;0;1;0;1;0
29;35;35;0;1;-1;1;0
29;36;36;1;1;0;1;0
29;37;37;1;1;1;1;0
29;38;38;1;1;-2;1;0
29;39;39;0;1;-1;1;0
29;40;40;1;1;0;1;0
29;41;41;0;1;-1;1;0
29;42;42;0;1;-1;1;0
29;43;43;0;1;-1;1;0
29;44;44;-1;1;-1;1;0
29;45;45;-1;1;-1;1;0
29;46;46;1;1;1;1;0
29;47;47;0;1;1;1;0
29;48;48;0;1;-1;1;0
29;49;49;1;1;0;1;0
29;50;50;-1;1;0;1;0
29;51;51;0;1;0;1;0
29;52;52;1;1;1;1;0
29;53;53;1;1;0;1;0
29;54;54;0;1;0;1;0
29;55;55;1;1;0;1;0
29;56;56;1;1;-2;1;0
29;57;57;0;1;-1;1;0
29;58;58;-1;1;-1;1;0
29;59;59;1;1;-1;1;0
29;60;60;-1;1;-1;1;0
29;61;61;0;1;1;1;0
29;62;62;-1;1;1;1;0
29;63;63;-1;1;0;1;0
29;64;64;0;1;-1;1;0
29;65;65;2;1;3;1;0
29;66;66;-1;1;0;1;0
29;67;67;-1;1;1;1;0
29;68;68;0;1;1;1;0
29;69;69;-1;1;-2;1;0
29;70;70;0;1;-1;1;0
29;71;71;-1;1;-2;1;0
29;72;72;0;1;0;1;0
29;73;73;-1;1;0;1;0
29;74;74;-2;1;0;1;0
29;75;75;0;1;0;1;0
29;76;76;0;1;-1;1;0
29;77;77;1;1;1;1;0
29;78;78;0;1;-1;1;0
29;79;79;0;1;0;1;0
30;1;1;0;1;0;1;0
30;2;2;0;1;0;1;0
30;3;3;1;1;0;1;0
30;4;4;0;1;0;1;0
30;5;5;0;1;-2;1;0
30;6;6;1;1;1;1;0
30;7;7;-1;1;-1;1;0
30;8;8;2;1;2;1;0
30;9;9;1;1;-2;1;0
30;10;10;-2;1;-1;1;0
30;11;11;0;1;0;1;0
30;12;12;-1;1;0;1;0
30;13;13;0;1;0;1;0
30;14;14;-2;1;-1;1;0
30;15;15;2;1;2;1;0
30;16;16;-2;1;0;1;0
30;17;17;0;1;1;1;0
30;18;18;1;1;0;1;0
30;19;19;3;1;1;1;0
30;20;20;1;1;1;1;0
30;21;21;-1;1;0;1;0
30;22;22;1;1;1;1;0
30;23;23;1;1;0;1;0
30;24;24;2;1;1;1;0
30;25;25;0;1;-1;1;0
30;26;26;1;1;2;1;0
30;27;27;1;1;1;1;0
30;28;28;1;1;1;1;0
30;29;29;0;1;1;1;0
30;30;30;-1;1;0;1;0
30;31;31;-1;1;-1;1;0
30;32;32;-1;1;-2;1;0
30;33;33;1;1;1;1;0
30;34;34;1;1;1;1;0
30;35;35;0;1;0;1;0
30;36;36;-1;1;0;1;0
30;37;37;1;1;3;1;0
30;38;38;-1;1;-1;1;0
30;39;39;3;1;3;1;0
30;40;40;4;1;2;1;0
30;41;41;2;1;1;1;0
30;42;42;0;1;0;1;0
31;1;1;1;1;0;1;0
31;2;2;-1;1;-1;1;0
31;3;3;0;1;-1;1;0
31;4;4;-1;1;0;1;0
31;5;5;-1;1;-1;1;0
31;6;6;0;1;0;1;0
31;7;7;0;1;0;1;0
31;8;8;1;1;0;1;0
31;9;9;1;1;0;1;0
31;10;10;0;1;-1;1;0
31;11;11;-1;1;0;1;0
31;12;12;0;1;0;1;0
31;13;13;-1;1;-1;1;0
31;14;14;0;1;0;1;0
31;15;15;0;1;0;1;0
31;16;16;-1;1;-1;1;0
31;17;17;0;1;-1;1;0
31;18;18;-1;1;0;1;0
31;19;19;0;1;-2;1;0
31;20;20;0;1;-2;1;0
31;21;21;-1;1;0;1;0
31;22;22;1;1;0;1;0
31;23;23;0;1;0;1;0
31;24;24;0;1;-2;1;0
31;25;25;-2;1;-1;1;0
31;26;26;1;1;0;1;0
31;27;27;0;1;0;1;0
31;28;28;0;1;0;1;0
31;29;29;1;1;0;1;0
31;30;30;0;1;1;1;0
31;31;31;0;1;0;1;0
31;32;32;0;1;-1;1;0
31;33;33;-2;1;-1;1;0
31;34;34;0;1;-1;1;0
31;35;35;-1;1;0;1;0
31;36;36;-1;1;-1;1;0
31;37;37;-1;1;0;1;0
31;38;38;-1;1;-1;1;0
31;39;39;0;1;1;1;0
31;40;40;0;1;0;1;0
31;41;41;-1;1;-1;1;0
31;42;42;0;1;-1;1;0
31;43;43;-1;1;-1;1;0
31;44;44;-1;1;-1;1;0
31;45;45;0;1;0;1;0
31;46;46;-1;1;0;1;0
31;47;47;0;1;-2;1;0
31;48;48;1;1;0;1;0
31;49;49;0;1;0;1;0
32;1;1;-1;1;-2;1;-1
32;2;2;0;1;-2;1;-1
32;3;3;-1;1;0;0;-1
32;4;4;-1;1;-1;0;-1
32;5;5;0;1;1;1;-1
32;6;6;-1;1;-3;0;-1
32;7;7;-1;1;-3;0;-1
32;8;8;0;1;1;0;-1
32;9;9;0;1;0;0;-1
32;10;10;1;1;1;0;-1
32;11;11;1;1;0;1;-1
32;12;12;0;1;0;0;-1
32;13;13;0;1;-1;0;-1
32;14;14;-2;1;-2;0;-1
32;15;15;-1;1;-2;0;-1
32;16;16;1;1;1;0;-1
32;17;17;0;1;-1;0;-1
32;18;18;-3;1;-3;0;-1
32;19;19;1;1;-1;1;-1
32;20;20;0;1;-1;0;-1
32;21;21;-2;1;-1;0;-1
32;22;22;2;1;2;1;-1
32;23;23;0;1;-1;0;-1
32;24;24;-2;1;-2;0;-1
32;25;25;-1;1;0;1;-1
32;26;26;0;1;0;1;-1
32;27;27;-2;1;-1;0;-1
32;28;28;0;1;0;0;-1
32;29;29;1;1;0;1;-1
32;30;30;-1;1;-1;0;-1
32;31;31;0;1;0;1;-1
32;32;32;0;1;1;0;-1
32;33;33;-1;1;0;1;-1
32;34;34;0;1;-1;0;-1
32;35;35;0;1;-2;0;-1
32;36;36;-1;1;-2;0;-1
32;37;37;0;1;-1;0;-1
32;38;38;1;1;1;1;-1
32;39;39;1;1;-1;1;-1
32;40;40;-2;1;-2;1;-1
32;41;41;1;1;0;0;-1
32;42;42;-2;1;-2;1;-1
33;1;1;0;1;1;0;0
33;2;2;1;1;1;0;0
33;3;3;0;1;0;0;0
33;4;4;0;1;0;0;0
33;5;5;-1;1;0;0;0
33;6;6;-1;1;-2;0;0
33;7;7;-1;1;-1;0;0
33;8;8;0;1;-1;0;0
33;9;9;0;1;0;1;0
33;10;10;1;1;1;0;0
33;11;11;0;1;-1;1;0
33;12;12;1;1;1;0;0
33;13;13;0;1;0;0;0
33;14;14;-1;1;0;1;0
33;15;15;-1;1;0;0;0
33;16;16;0;1;-1;0;0
33;17;17;0;1;1;0;0
33;18;18;1;1;1;0;0
33;19;19;0;1;1;1;0
33;20;20;0;1;0;1;0
33;21;21;1;1;1;0;0
33;22;22;1;1;2;1;0
33;23;23;0;1;1;0;0
33;24;24;1;1;0;1;0
33;25;25;1;1;0;1;0
33;26;26;0;1;0;1;0
33;27;27;-1;1;0;0;0
33;28;28;0;1;-1;1;0
33;29;29;0;1;1;1;0
33;30;30;0;1;0;0;0
33;31;31;0;1;1;1;0
33;32;32;0;1;0;1;0
33;33;33;-1;1;-2;1;0
33;34;34;0;1;-1;1;0
33;35;35;1;1;0;1;0
33;36;36;0;1;0;0;0
33;37;37;-1;1;0;0;0
33;38;38;0;1;0;1;0
33;39;39;-1;1;0;0;0
33;40;40;-1;1;0;1;0
33;41;41;0;1;1;1;0
33;42;42;2;1;0;0;0
33;43;43;-1;1;-3;0;0
33;44;44;1;1;0;0;0
33;45;45;0;1;2;0;0
33;46;46;1;1;2;0;0
33;47;47;-1;1;0;0;0
33;48;48;0;1;0;1;0
33;49;49;1;1;0;1;0
33;50;50;-1;1;0;0;0
33;51;51;0;1;0;0;0
33;52;52;0;1;0;0;0
33;53;53;0;1;-1;0;0
33;54;54;1;1;0;1;0
33;55;55;1;1;0;1;0
33;56;56;1;1;0;1;0
33;57;57;1;1;1;0;0
33;58;58;1;1;0;0;0
33;59;59;0;1;0;1;0
33;60;60;0;1;-1;1;0
33;61;61;-1;1;0;0;0
33;62;62;2;1;0;0;0
33;63;63;-1;1;-1;1;0
33;64;64;0;1;0;1;0
33;65;65;0;1;0;1;0
33;66;66;-1;1;1;0;0
33;67;67;1;1;0;1;0
33;68;68;0;1;0;1;0
33;69;69;0;1;0;0;0
33;70;70;1;1;1;0;0
33;71;71;1;1;1;0;0
33;72;72;-1;1;0;0;0
33;73;73;-1;1;0;0;0
33;74;74;0;1;0;0;0
33;75;75;1;1;0;1;0
33;76;76;-1;1;0;1;0
33;77;77;0;1;0;0;0
34;1;1;0;1;2;0;0
34;2;2;0;1;-1;0;0
34;3;3;0;1;0;0;0
34;4;4;-3;1;-2;1;0
34;5;5;-2;1;-3;0;0
34;6;6;1;1;0;0;0
34;7;7;-2;1;-1;1;0
34;8;8;1;1;0;1;0
34;9;9;-1;1;1;0;0
34;10;10;1;1;0;1;0
34;11;11;-3;1;-1;0;0
34;12;12;0;1;0;0;0
34;13;13;-1;1;-1;0;0
34;14;14;-2;1;-2;1;0
34;15;15;1;1;1;0;0
34;16;16;1;1;1;0;0
34;17;17;1;1;1;0;0
34;18;18;-2;1;-3;0;0
34;19;19;-2;1;-1;0;0
34;20;20;1;1;2;0;0
34;21;21;0;1;-1;0;0
34;22;22;-1;1;-2;1;0
34;23;23;-1;1;0;0;0
34;24;24;0;1;-1;0;0
34;25;25;0;1;0;1;0
34;26;26;0;1;0;1;0
35;1;1;0;1;-1;1;0
35;2;2;0;1;-1;1;0
35;3;3;0;1;0;1;0
35;4;4;1;1;0;1;0
35;5;5;1;1;0;1;0
35;6;6;1;1;0;1;0
35;7;7;0;1;1;1;0
35;8;8;1;1;1;1;0
35;9;9;0;1;0;1;0
35;10;10;1;1;0;1;0
35;11;11;1;1;1;1;0
35;12;12;0;1;-1;1;0
35;13;13;0;1;0;1;0
35;14;14;0;1;-1;1;0
35;15;15;-1;1;0;1;0
35;16;16;0;1;0;1;0
35;17;17;-1;1;0;1;0
35;18;18;1;1;0;1;0
35;19;19;1;1;2;1;0
35;20;20;-1;1;-1;1;0
35;21;21;-1;1;0;1;0
35;22;22;0;1;-1;1;0
35;23;23;1;1;-1;1;0
35;24;24;0;1;1;1;0
35;25;25;-1;1;0;1;0
35;26;26;-1;1;0;1;0
35;27;27;-2;1;-1;1;0
35;28;28;1;1;1;1;0
35;29;29;-1;1;0;1;0
35;30;30;0;1;0;1;0
35;31;31;-1;1;0;1;0
35;32;32;1;1;-1;1;0
35;33;33;1;1;2;1;0
35;34;34;0;1;-1;1;0
35;35;35;1;1;1;1;0
35;36;36;0;1;0;1;0
35;37;37;0;1;-2;1;0
35;38;38;0;1;0;1;0
36;1;1;0;1;-2;0;0
36;2;2;-2;1;-1;0;0
36;3;3;1;1;2;0;0
36;4;4;-2;1;-1;0;0
36;5;5;0;1;-1;0;0
36;6;6;-2;1;-1;0;0
36;7;7;1;1;0;0;0
36;8;8;-1;1;-2;0;0
36;9;9;-1;1;0;0;0
36;10;10;1;1;-2;0;0
36;11;11;0;1;-1;0;0
36;12;12;-1;1;0;0;0
36;13;13;-1;1;1;0;0
36;14;14;-1;1;-1;0;0
36;15;15;0;1;-1;0;0
36;16;16;-2;1;-1;0;0
36;17;17;-2;1;-2;0;0
36;18;18;-2;1;0;0;0
36;19;19;0;1;1;0;0
36;20;20;-1;1;1;0;0
36;21;21;0;1;0;0;0
36;22;22;1;1;-1;0;0
36;23;23;1;1;1;0;0
36;24;24;-2;1;0;0;0
36;25;25;0;1;1;0;0
36;26;26;-1;1;0;0;0
36;27;27;-2;1;-1;0;0
36;28;28;0;1;1;0;0
36;29;29;0;1;1;0;0
36;30;30;-1;1;0;0;0
36;31;31;-1;1;0;0;0
36;32;32;0;1;0;0;0
36;33;33;-1;1;-1;0;0
36;34;34;-2;1;-2;0;0
36;35;35;-1;1;-3;0;0
36;36;36;2;1;1;0;0
36;37;37;1;1;2;0;0
36;38;38;1;1;1;0;0
36;39;39;0;1;1;0;0
36;40;40;-1;1;0;0;0
36;41;41;1;1;1;0;0
36;42;42;1;1;1;0;0
36;43;43;0;1;1;0;0
36;44;44;0;1;0;0;0
36;45;45;1;1;1;0;0
36;46;46;0;1;0;0;0
36;47;47;0;1;0;0;0
36;48;48;0;1;-3;0;0
36;49;49;1;1;0;0;0
36;50;50;0;1;0;0;0
36;51;51;2;1;2;0;0
36;52;52;-1;1;2;0;0
36;53;53;0;1;-1;0;0
36;54;54;0;1;-1;0;0
36;55;55;2;1;3;0;0
36;56;56;1;1;0;0;0
36;57;57;1;1;2;0;0
36;58;58;0;1;-1;0;0
36;59;59;0;1;0;0;0
36;60;60;0;1;-2;0;0
36;61;61;0;1;-1;0;0
36;62;62;-1;1;-1;0;0
36;63;63;-1;1;-1;0;0
36;64;64;0;1;0;0;0
36;65;65;0;1;2;0;0
36;66;66;-2;1;0;0;0
36;67;67;0;1;0;0;0
36;68;68;0;1;1;0;0
36;69;69;-1;1;-1;0;0
36;70;70;-1;1;0;0;0
37;1;1;1;1;2;0;-1
37;2;2;0;1;-2;0;-1
37;3;3;-1;1;-1;0;-1
37;4;4;0;1;-1;0;-1
37;5;5;0;1;-1;0;-1
37;6;6;0;1;0;0;-1
37;7;7;-2;1;-2;0;-1
37;8;8;-2;1;-2;0;-1
37;9;9;-1;1;-1;0;-1
37;10;10;-1;1;-2;0;-1
37;11;11;0;1;-1;0;-1
37;12;12;-1;1;1;0;-1
37;13;13;-1;1;-1;0;-1
37;14;14;-1;1;-2;0;-1
37;15;15;-1;1;-2;0;-1
37;16;16;-1;1;1;0;-1
37;17;17;0;1;0;0;-1
37;18;18;-2;1;0;0;-1
37;19;19;-2;1;-1;0;-1
37;20;20;0;1;0;0;-1
37;21;21;0;1;-1;0;-1
37;22;22;0;1;0;0;-1
38;1;1;0;1;0;0;0
38;2;2;-2;1;-2;1;0
38;3;3;1;1;1;1;0
38;4;4;1;1;0;0;0
38;5;5;-1;1;0;1;0
38;6;6;0;1;-1;1;0
38;7;7;1;1;1;1;0
38;8;8;0;1;-1;1;0
38;9;9;1;1;1;1;0
38;10;10;0;1;0;0;0
38;11;11;0;1;2;0;0
38;12;12;0;1;-1;0;0
38;13;13;2;1;1;1;0
38;14;14;-1;1;-1;0;0
38;15;15;-1;1;0;1;0
38;16;16;-1;1;-1;0;0
38;17;17;0;1;0;0;0
38;18;18;-1;1;-1;0;0
38;19;19;-1;1;-1;1;0
38;20;20;2;1;2;1;0
38;21;21;1;1;1;0;0
38;22;22;-2;1;-2;1;0
38;23;23;1;1;1;1;0
38;24;24;1;1;1;0;0
38;25;25;0;1;-1;0;0
38;26;26;-1;1;-1;0;0
38;27;27;-2;1;-3;0;0
38;28;28;-1;1;0;1;0
38;29;29;0;1;0;0;0
38;30;30;-1;1;0;1;0
38;31;31;-1;1;-2;0;0
38;32;32;-1;1;-2;1;0
38;33;33;0;1;0;0;0
38;34;34;0;1;1;0;0
38;35;35;-2;1;0;1;0
38;36;36;-1;1;-1;0;0
38;37;37;1;1;2;0;0
38;38;38;-1;1;-1;0;0
38;39;39;-2;1;1;0;0
38;40;40;0;1;1;0;0
38;41;41;1;1;1;1;0
38;42;42;0;1;-1;1;0
38;43;43;0;1;1;1;0
38;44;44;-1;1;0;1;0
38;45;45;0;1;0;0;0
38;46;46;-1;1;0;0;0
38;47;47;-1;1;0;0;0
38;48;48;1;1;0;0;0
38;49;49;-1;1;0;0;0
38;50;50;1;1;0;1;0
38;51;51;1;1;0;1;0
38;52;52;0;1;-2;0;0
38;53;53;-1;1;-2;0;0
38;54;54;-2;1;-1;0;0
39;1;1;1;1;-1;1;0
39;2;2;0;1;0;1;0
39;3;3;1;1;1;1;0
39;4;4;0;1;-1;1;0
39;5;5;0;1;1;1;0
39;6;6;1;1;1;1;0
39;7;7;0;1;-3;1;0
39;8;8;0;1;1;1;0
39;9;9;-1;1;-1;1;0
39;10;10;0;1;-1;1;0
39;11;11;0;1;-2;1;0
39;12;12;-1;1;-1;1;0
39;13;13;0;1;0;1;0
39;14;14;-1;1;-1;1;0
39;15;15;0;1;0;1;0
39;16;16;0;1;-1;1;0
39;17;17;0;1;0;1;0
39;18;18;0;1;0;1;0
39;19;19;2;1;2;1;0
39;20;20;1;1;0;1;0
39;21;21;0;1;2;1;0
39;22;22;-1;1;-2;1;0
39;23;23;2;1;2;1;0
39;24;24;-1;1;-1;1;0
39;25;25;1;1;1;1;0
39;26;26;0;1;0;1;0
39;27;27;1;1;1;1;0
39;28;28;1;1;-1;1;0
39;29;29;0;1;-2;1;0
39;30;30;0;1;0;1;0
39;31;31;-1;1;0;1;0
39;32;32;0;1;-1;1;0
39;33;33;0;1;1;1;0
39;34;34;-1;1;-1;1;0
39;35;35;0;1;0;1;0
39;36;36;0;1;-2;1;0
39;37;37;1;1;1;1;0
39;38;38;1;1;1;1;0
39;39;39;0;1;-1;1;0
39;40;40;-1;1;-1;1;0
39;41;41;1;1;2;1;0
39;42;42;-1;1;-2;1;0
39;43;43;1;1;0;1;0
39;44;44;1;1;0;1;0
39;45;45;0;1;0;1;0
39;46;46;-1;1;0;1;0
39;47;47;0;1;0;1;0
39;48;48;1;1;0;1;0
40;1;1;0;1;0;0;0
40;2;2;-3;1;-2;0;0
40;3;3;1;1;2;0;0
40;4;4;1;1;1;0;0
40;5;5;1;1;0;0;0
40;6;6;-2;1;0;0;0
40;7;7;-1;1;0;0;0
40;8;8;1;1;0;0;0
40;9;9;1;1;0;0;0
40;10;10;0;1;-1;0;0
40;11;11;2;1;1;0;0
40;12;12;-1;1;-1;0;0
40;13;13;1;1;1;0;0
40;14;14;0;1;0;0;0
40;15;15;-1;1;1;0;0
40;16;16;0;1;1;0;0
40;17;17;-1;1;-1;0;0
40;18;18;-1;1;-1;0;0
40;19;19;-3;1;-2;0;0
40;20;20;2;1;1;0;0
40;21;21;0;1;-1;0;0
40;22;22;-2;1;0;0;0
40;23;23;0;1;0;0;0
40;24;24;0;1;-1;0;0
40;25;25;-1;1;1;0;0
40;26;26;-1;1;-2;0;0
40;27;27;0;1;1;0;0
40;28;28;1;1;0;0;0
40;29;29;1;1;1;0;0
40;30;30;0;1;1;0;0
40;31;31;1;1;0;0;0
40;32;32;-1;1;-1;0;0
40;33;33;0;1;0;0;0
40;34;34;-3;1;-2;0;0
40;35;35;-2;1;-1;0;0
40;36;36;1;1;0;0;0
40;37;37;0;1;0;0;0
40;38;38;-2;1;0;0;0
40;39;39;0;1;-1;0;0
40;40;40;1;1;2;0;0
40;41;41;1;1;0;0;0
40;42;42;1;1;0;0;0
40;43;43;0;1;-1;0;0
40;44;44;0;1;0;0;0
40;45;45;-1;1;-1;0;0
40;46;46;1;1;1;0;0
40;47;47;0;1;1;0;0
40;48;48;-3;1;-1;0;0
40;49;49;1;1;0;0;0
40;50;50;1;1;0;0;0
40;51;51;-1;1;1;0;0
40;52;52;-1;1;-2;0;0
40;53;53;0;1;-1;0;0
40;54;54;1;1;1;0;0
40;55;55;-3;1;0;0;0
40;56;56;1;1;1;0;0
40;57;57;-1;1;-2;0;0
40;58;58;-2;1;-1;0;0
40;59;59;0;1;0;0;0
40;60;60;2;1;1;0;0
40;61;61;1;1;3;0;0
40;62;62;1;1;1;0;0
40;63;63;0;1;-1;0;0
40;64;64;-3;1;-1;0;0
40;65;65;1;1;1;0;0
40;66;66;0;1;0;0;0
40;67;67;-2;1;0;0;0
40;68;68;-2;1;0;0;0
40;69;69;-1;1;1;0;0
40;70;70;0;1;-1;0;0
40;71;71;-1;1;1;0;0
41;1;1;0;1;1;1;0
41;2;2;1;1;0;1;0
41;3;3;0;1;-1;1;0
41;4;4;1;1;0;1;0
41;5;5;-1;1;-3;1;0
41;6;6;-1;1;-3;1;0
41;7;7;-1;1;-1;1;0
41;8;8;-1;1;-1;1;0
41;9;9;-1;1;0;1;0
41;10;10;-2;1;-1;1;0
41;11;11;-1;1;1;1;0
41;12;12;0;1;-2;1;0
41;13;13;2;1;0;1;0
41;14;14;0;1;-1;1;0
41;15;15;0;1;-1;1;0
41;16;16;-1;1;-1;1;0
41;17;17;0;1;-2;1;0
41;18;18;1;1;0;1;0
41;19;19;-2;1;-1;1;0
41;20;20;0;1;0;1;0
41;21;21;1;1;0;1;0
41;22;22;2;1;1;1;0
41;23;23;1;1;0;1;0
41;24;24;0;1;0;1;0
41;25;25;1;1;1;1;0
41;26;26;0;1;1;1;0
41;27;27;0;1;0;1;0
41;28;28;0;1;-1;1;0
41;29;29;0;1;-2;1;0
41;30;30;1;1;0;1;0
41;31;31;-1;1;-2;1;0
41;32;32;1;1;1;1;0
41;33;33;1;1;0;1;0
41;34;34;1;1;1;1;0
41;35;35;1;1;0;1;0
41;36;36;-1;1;1;1;0
41;37;37;0;1;0;1;0
41;38;38;-1;1;0;1;0
41;39;39;0;1;1;1;0
41;40;40;1;1;0;1;0
41;41;41;-1;1;-1;1;0
41;42;42;0;1;1;1;0
41;43;43;1;1;1;1;0
41;44;44;0;1;0;1;0
41;45;45;0;1;0;1;0
41;46;46;1;1;0;1;0
41;47;47;-1;1;-1;1;0
41;48;48;-1;1;0;1;0
41;49;49;0;1;-1;1;0
41;50;50;-1;1;-1;1;0
41;51;51;1;1;-1;1;0
41;52;52;0;1;0;1;0
41;53;53;0;1;0;1;0
41;54;54;1;1;0;1;0
41;55;55;1;1;1;1;0
41;56;56;-1;1;-1;1;0
41;57;57;0;1;1;1;0
41;58;58;0;1;1;1;0
41;59;59;1;1;-1;1;0
41;60;60;0;1;0;1;0
42;1;1;0;1;0;1;0
42;2;2;0;1;0;0;0
42;3;3;0;1;0;0;0
42;4;4;0;1;0;0;0
42;5;5;0;1;0;1;0
42;6;6;0;1;-1;0;0
42;7;7;0;1;1;1;0
42;8;8;0;1;0;0;0
42;9;9;-1;1;0;0;0
42;10;10;-1;1;-1;0;0
42;11;11;-1;1;-1;0;0
42;12;12;0;1;0;0;0
42;13;13;0;1;1;1;0
42;14;14;-1;1;0;1;0
42;15;15;0;1;0;0;0
42;16;16;0;1;0;0;0
42;17;17;0;1;0;0;0
42;18;18;0;1;0;0;0
42;19;19;-1;1;-1;0;0
42;20;20;-1;1;-1;0;0
42;21;21;1;1;1;1;0
42;22;22;0;1;-1;1;0
42;23;23;1;1;0;0;0
42;24;24;0;1;0;1;0
42;25;25;-1;1;-2;1;0
42;26;26;0;1;1;0;0
42;27;27;1;1;0;1;0
42;28;28;1;1;1;1;0
42;29;29;-1;1;0;0;0
42;30;30;0;1;1;1;0
42;31;31;1;1;-1;0;0
42;32;32;1;1;-1;1;0
42;33;33;2;1;2;0;0
42;34;34;-1;1;1;0;0
42;35;35;0;1;0;1;0
42;36;36;0;1;0;0;0
42;37;37;1;1;1;1;0
42;38;38;1;1;1;0;0
42;39;39;0;1;-1;0;0
42;40;40;0;1;-1;1;0
42;41;41;0;1;-1;0;0
42;42;42;0;1;0;0;0
42;43;43;1;1;-1;0;0
42;44;44;0;1;0;0;0
42;45;45;0;1;0;0;0
42;46;46;0;1;-1;1;0
42;47;47;1;1;1;1;0
42;48;48;0;1;-1;0;0
42;49;49;0;1;0;0;0
42;50;50;0;1;0;1;0
42;51;51;0;1;1;1;0
42;52;52;0;1;-1;1;0
42;53;53;-1;1;-2;0;0
42;54;54;-1;1;-1;0;0
42;55;55;1;1;2;1;0
42;56;56;-1;1;-1;0;0
42;57;57;0;1;0;0;0
42;58;58;0;1;0;1;0
43;1;1;2;1;0;1;0
43;2;2;0;1;-1;1;0
43;3;3;-1;1;0;1;0
43;4;4;0;1;0;1;0
43;5;5;1;1;0;1;0
43;6;6;1;1;1;1;0
43;7;7;0;1;-1;1;0
43;8;8;0;1;1;1;0
43;9;9;-1;1;0;1;0
43;10;10;-1;1;-1;1;0
43;11;11;1;1;0;1;0
43;12;12;-1;1;0;0;0
43;13;13;1;1;0;1;0
43;14;14;0;1;0;1;0
43;15;15;-2;1;-1;1;0
43;16;16;1;1;0;1;0
43;17;17;0;1;1;1;0
43;18;18;1;1;1;1;0
43;19;19;2;1;2;1;0
43;20;20;1;1;1;1;0
43;21;21;1;1;1;1;0
43;22;22;0;1;0;1;0
43;23;23;1;1;1;1;0
43;24;24;-1;1;1;1;0
43;25;25;0;1;1;1;0
43;26;26;-1;1;1;1;0
43;27;27;-1;1;0;1;0
43;28;28;-1;1;-1;1;0
43;29;29;0;1;1;1;0
43;30;30;0;1;2;1;0
43;31;31;0;1;1;1;0
43;32;32;3;1;2;1;0
43;33;33;0;1;0;1;0
43;34;34;2;1;1;1;0
43;35;35;0;1;1;1;0
43;36;36;1;1;1;1;0
43;37;37;0;1;1;1;0
43;38;38;0;1;0;1;0
43;39;39;0;1;1;1;0
43;40;40;0;1;0;1;0
43;41;41;0;1;1;1;0
43;42;42;0;1;0;1;0
43;43;43;0;1;1;1;0
43;44;44;1;1;1;1;0
43;45;45;0;1;0;1;0
43;46;46;-2;1;0;1;0
43;47;47;-1;1;0;1;0
43;48;48;1;1;1;1;0
43;49;49;1;1;1;1;0
43;50;50;1;1;2;1;0
43;51;51;-1;1;1;1;0
43;52;52;1;1;0;1;0
43;53;53;0;1;0;1;0
43;54;54;-1;1;-1;1;0
43;55;55;1;1;2;1;0
43;56;56;1;1;0;1;0
43;57;57;1;1;0;1;0
43;58;58;0;1;0;1;0
43;59;59;0;1;1;1;0
43;60;60;-1;1;-1;1;0
43;61;61;-2;1;0;1;0
44;1;1;-1;1;0;0;0
44;2;2;-1;1;-1;0;0
44;3;3;-1;1;-1;0;0
44;4;4;0;1;0;0;0
44;5;5;0;1;2;0;0
44;6;6;0;1;0;0;0
44;7;7;0;1;0;0;0
44;8;8;-1;1;-1;0;0
44;9;9;0;1;-1;0;0
44;10;10;-1;1;0;0;0
44;11;11;0;1;0;0;0
44;12;12;-1;1;0;0;0
44;13;13;-2;1;-2;0;0
44;14;14;-1;1;-1;0;0
44;15;15;0;1;1;0;0
44;16;16;0;1;0;0;0
44;17;17;-1;1;0;0;0
44;18;18;1;1;2;0;0
44;19;19;1;1;1;0;0
44;20;20;-1;1;-2;0;0
44;21;21;0;1;0;0;0
44;22;22;0;1;-3;0;0
44;23;23;-1;1;-1;0;0
44;24;24;0;1;0;0;0
44;25;25;-1;1;1;0;0
44;26;26;-1;1;-2;0;0
44;27;27;0;1;0;0;0
44;28;28;-1;1;1;0;0
44;29;29;0;1;1;0;0
45;1;1;0;1;0;1;0
45;2;2;1;1;1;1;0
45;3;3;0;1;1;1;0
45;4;4;0;1;0;1;0
45;5;5;1;1;0;1;0
45;6;6;0;1;1;1;0
45;7;7;0;1;1;1;0
45;8;8;0;1;1;1;0
45;9;9;-1;1;-2;1;0
45;10;10;0;1;0;1;0
45;11;11;-1;1;-1;1;0
45;12;12;0;1;-1;1;0
45;13;13;0;1;0;1;0
45;14;14;-1;1;-1;1;0
45;15;15;0;1;-1;1;0
45;16;16;-1;1;-2;1;0
45;17;17;0;1;1;1;0
45;18;18;0;1;0;1;0
45;19;19;-1;1;-1;1;0
45;20;20;1;1;0;1;0
45;21;21;-1;1;-2;1;0
45;22;22;1;1;-1;1;0
45;23;23;-2;1;-1;1;0
45;24;24;0;1;0;1;0
45;25;25;0;1;0;1;0
45;26;26;-1;1;-1;1;0
45;27;27;-1;1;-1;1;0
45;28;28;0;1;0;1;0
45;29;29;-1;1;-1;1;0
45;30;30;0;1;0;1;0
45;31;31;-1;1;0;1;0
45;32;32;0;1;0;1;0
45;33;33;0;1;0;1;0
45;34;34;-2;1;-2;1;0
45;35;35;-1;1;1;1;0
45;36;36;-2;1;-1;1;0
45;37;37;0;1;2;1;0
45;38;38;0;1;0;1;0
45;39;39;0;1;0;1;0
45;40;40;0;1;-1;1;0
45;41;41;-2;1;-1;1;0
45;42;42;0;1;0;1;0
45;43;43;1;1;1;1;0
45;44;44;0;1;-1;1;0
45;45;45;0;1;0;1;0
45;46;46;1;1;1;1;0
45;47;47;-2;1;-2;0;0
45;48;48;0;1;0;0;0
45;49;49;2;1;2;0;0
45;50;50;1;1;1;0;0
45;51;51;0;1;0;1;0
45;52;52;0;1;1;1;0
45;53;53;-2;1;-2;0;0
46;1;1;0;1;0;1;0
46;2;2;-2;1;0;0;0
46;3;3;1;1;1;0;0
46;4;4;-1;1;0;1;0
46;5;5;0;1;1;0;0
46;6;6;1;1;0;0;0
46;7;7;-1;1;-1;1;0
46;8;8;0;1;0;0;0
46;9;9;0;1;1;1;0
46;10;10;0;1;0;0;0
46;11;11;1;1;1;0;0
46;12;12;-1;1;0;1;0
46;13;13;1;1;1;0;0
46;14;14;1;1;1;1;0
46;15;15;-1;1;-2;1;0
46;16;16;0;1;0;0;0
46;17;17;-1;1;-1;1;0
46;18;18;-1;1;-1;1;0
46;19;19;-1;1;-1;1;0
46;20;20;0;1;1;0;0
46;21;21;-1;1;1;0;0
46;22;22;0;1;0;0;0
46;23;23;0;1;-1;0;0
46;24;24;-1;1;0;0;0
46;25;25;0;1;0;0;0
46;26;26;-1;1;-1;0;0
46;27;27;-1;1;0;1;0
46;28;28;0;1;-1;1;0
46;29;29;-1;1;-1;0;0
46;30;30;-2;1;-1;0;0
46;31;31;0;1;-1;1;0
46;32;32;-1;1;-2;1;0
46;33;33;0;1;0;0;0
46;34;34;0;1;1;0;0
46;35;35;-1;1;0;1;0
46;36;36;1;1;2;0;0
46;37;37;0;1;1;1;0
46;38;38;0;1;2;0;0
46;39;39;0;1;-1;0;0
46;40;40;0;1;0;0;0
46;41;41;-1;1;2;0;0
46;42;42;0;1;1;0;0
46;43;43;0;1;0;0;0
46;44;44;0;1;0;1;0
46;45;45;-1;1;0;1;0
46;46;46;0;1;0;0;0
46;47;47;-1;1;0;1;0
46;48;48;-1;1;1;1;0
46;49;49;0;1;0;0;0
46;50;50;0;1;0;0;0
46;51;51;0;1;0;1;0
46;52;52;0;1;0;1;0
46;53;53;-1;1;1;1;0
46;54;54;0;1;0;1;0
46;55;55;0;1;0;0;0
46;56;56;-1;1;-2;0;0
46;57;57;0;1;0;0;0
46;58;58;0;1;1;1;0
46;59;59;0;1;-1;1;0
46;60;60;0;1;0;0;0
46;61;61;0;1;0;0;0
46;62;62;1;1;0;0;0
46;63;63;-1;1;0;1;0
46;64;64;-1;1;0;1;0
46;65;65;-2;1;0;1;0
46;66;66;0;1;0;0;0
46;67;67;0;1;1;0;0
46;68;68;-1;1;-1;1;0
46;69;69;-1;1;-1;1;0
46;70;70;-1;1;-2;0;0
46;71;71;0;1;0;1;0
46;72;72;0;1;0;0;0
46;73;73;-1;1;-1;0;0
46;74;74;-2;1;-2;0;0
46;75;75;-1;1;-2;0;0
46;76;76;0;1;-1;0;0
46;77;77;-1;1;-1;1;0
46;78;78;-2;1;-2;0;0
46;79;79;1;1;1;0;0
46;80;80;-1;1;0;1;0
46;81;81;-1;1;-1;1;0
46;82;82;-1;1;0;1;0
46;83;83;-1;1;-1;0;0
47;1;1;-2;1;-1;0;0
47;2;2;0;1;1;0;0
47;3;3;0;1;0;0;0
47;4;4;2;1;1;0;0
47;5;5;0;1;0;0;0
47;6;6;0;1;0;0;0
47;7;7;-1;1;-2;0;0
47;8;8;0;1;1;0;0
47;9;9;0;1;0;0;0
47;10;10;0;1;0;0;0
47;11;11;1;1;0;0;0
47;12;12;0;1;-1;0;0
47;13;13;0;1;1;1;0
47;14;14;1;1;0;0;0
47;15;15;0;1;-1;0;0
47;16;16;0;1;-1;0;0
47;17;17;0;1;0;0;0
47;18;18;-3;1;-2;0;0
47;19;19;-1;1;1;0;0
47;20;20;-3;1;-2;0;0
47;21;21;0;1;-1;0;0
47;22;22;0;1;-1;0;0
47;23;23;1;1;0;0;0
47;24;24;2;1;-1;0;0
47;25;25;-1;1;-2;0;0
47;26;26;-1;1;-1;0;0
47;27;27;0;1;-1;0;0
47;28;28;1;1;0;0;0
47;29;29;0;1;-2;0;0
47;30;30;0;1;1;0;0
47;31;31;1;1;1;0;0
47;32;32;0;1;1;0;0
47;33;33;0;1;-1;0;0
47;34;34;2;1;1;0;0
47;35;35;1;1;2;0;0
47;36;36;0;1;0;0;0
47;37;37;-1;1;-1;0;0
47;38;38;0;1;0;0;0
47;39;39;-1;1;0;0;0
47;40;40;-1;1;1;0;0
47;41;41;-1;1;-1;0;0
47;42;42;0;1;1;0;0
47;43;43;-1;1;0;0;0
47;44;44;0;1;0;0;0
47;45;45;1;1;1;0;0
47;46;46;0;1;0;0;0
47;47;47;-2;1;-1;0;0
47;48;48;-1;1;0;0;0
47;49;49;0;1;1;0;0
47;50;50;0;1;-1;0;0
47;51;51;1;1;1;0;0
47;52;52;-1;1;-1;0;0
47;53;53;1;1;0;0;0
47;54;54;1;1;0;0;0
47;55;55;-2;1;-1;0;0
47;56;56;0;1;-1;0;0
47;57;57;1;1;2;0;0
47;58;58;-2;1;-2;0;0
47;59;59;-1;1;0;0;0
47;60;60;-1;1;-1;0;0
47;61;61;0;1;0;0;0
47;62;62;1;1;0;0;0
47;63;63;0;1;0;0;0
47;64;64;1;1;0;0;0
47;65;65;0;1;0;0;0
47;66;66;-1;1;-1;0;0
47;67;67;1;1;-1;0;0
47;68;68;1;1;0;0;0
47;69;69;-1;1;-1;0;0
47;70;70;1;1;0;0;0
47;71;71;-1;1;-1;0;0
47;72;72;2;1;1;0;0
47;73;73;0;1;0;0;0
47;74;74;1;1;0;0;0
47;75;75;1;1;0;0;0
47;76;76;0;1;1;0;0
47;77;77;0;1;0;0;0
47;78;78;1;1;0;0;0
47;79;79;-1;1;-1;0;0
47;80;80;-1;1;0;0;0
47;81;81;-1;1;0;0;0
47;82;82;-2;1;0;0;0
48;1;1;-1;1;0;1;0
48;2;2;0;1;0;1;0
49;1;1;1;1;1;1;0
49;2;2;0;1;-1;1;0
49;3;3;0;1;0;1;0
49;4;4;1;1;1;1;0
49;5;5;1;1;1;1;0
49;6;6;0;1;1;1;0
49;7;7;1;1;1;1;0
49;8;8;0;1;0;1;0
49;9;9;-1;1;0;1;0
49;10;10;-1;1;1;1;0
49;11;11;1;1;1;1;0
49;12;12;0;1;0;1;0
49;13;13;0;1;1;1;0
49;14;14;-1;1;0;1;0
49;15;15;1;1;1;1;0
49;16;16;-1;1;-1;1;0
49;17;17;-1;1;0;1;0
49;18;18;0;1;0;1;0
49;19;19;1;1;0;1;0
49;20;20;0;1;1;1;0
49;21;21;0;1;0;1;0
49;22;22;1;1;0;1;0
49;23;23;-1;1;-1;1;0
49;24;24;0;1;0;1;0
49;25;25;0;1;-1;1;0
49;26;26;-1;1;0;1;0
49;27;27;1;1;0;1;0
49;28;28;0;1;0;1;0
49;29;29;0;1;0;1;0
49;30;30;0;1;0;1;0
49;31;31;-1;1;0;1;0
49;32;32;1;1;-1;1;0
49;33;33;1;1;1;1;0
49;34;34;0;1;-1;1;0
49;35;35;-2;1;0;1;0
49;36;36;1;1;1;1;0
49;37;37;0;1;0;1;0
49;38;38;1;1;1;1;0
49;39;39;-1;1;-1;1;0
49;40;40;0;1;0;1;0
49;41;41;-2;1;-2;1;0
49;42;42;0;1;0;1;0
49;43;43;0;1;1;1;0
49;44;44;0;1;-1;1;0
49;45;45;-1;1;0;1;0
49;46;46;0;1;-1;1;0
49;47;47;1;1;-2;1;0
49;48;48;0;1;1;1;0
49;49;49;1;1;0;1;0
49;50;50;-1;1;-2;1;0
49;51;51;0;1;-1;1;0
49;52;52;0;1;1;1;0
49;53;53;1;1;1;1;0
49;54;54;0;1;2;1;0
49;55;55;1;1;-1;1;0
49;56;56;1;1;1;1;0
49;57;57;1;1;0;1;0
49;58;58;0;1;1;1;0
49;59;59;-2;1;-1;1;0
49;60;60;2;1;2;1;0
49;61;61;-1;1;0;1;0
49;62;62;0;1;1;1;0
49;63;63;-1;1;-1;1;0
49;64;64;0;1;1;1;0
49;65;65;-1;1;0;1;0
49;66;66;-1;1;-2;1;0
49;67;67;0;1;0;1;0
49;68;68;0;1;-2;1;0
49;69;69;0;1;0;1;0
49;70;70;0;1;-1;1;0
49;71;71;1;1;1;1;0
49;72;72;1;1;1;1;0
49;73;73;0;1;0;1;0
49;74;74;0;1;0;1;0
49;75;75;1;1;0;1;0
49;76;76;0;1;0;1;0
49;77;77;0;1;0;1;0
49;78;78;1;1;1;1;0
49;79;79;1;1;1;1;0
49;80;80;0;1;-1;1;0
49;81;81;0;1;-1;1;0
49;82;82;0;1;1;1;0
49;83;83;0;1;-1;1;0
49;84;84;0;1;0;1;0
49;85;85;-1;1;-1;1;0
49;86;86;-1;1;-2;1;0
49;87;87;2;1;2;1;0
49;88;88;-1;1;-1;1;0
49;89;89;0;1;-1;1;0
49;90;90;1;1;2;1;0
49;91;91;1;1;-1;1;0
49;92;92;0;1;0;1;0
49;93;93;1;1;1;1;0
49;94;94;-1;1;-1;1;0
49;95;95;0;1;-1;1;0
49;96;96;1;1;1;1;0
49;97;97;0;1;1;1;0
49;98;98;0;1;1;1;0
49;99;99;0;1;-1;1;0
49;100;100;-1;1;0;1;0
49;101;101;0;1;0;1;0
49;102;102;0;1;0;1;0
49;103;103;0;1;-1;1;0
49;104;104;1;1;0;1;0
49;105;105;-1;1;-1;1;0
49;106;106;1;1;1;1;0
49;107;107;1;1;0;1;0
49;108;108;1;1;1;1;0
49;109;109;0;1;0;1;0
49;110;110;1;1;-1;1;0
49;111;111;-1;1;0;1;0
49;112;112;0;1;-1;1;0
49;113;113;-1;1;-1;1;0
50;1;1;-1;1;-1;1;0
50;2;2;-1;1;0;0;0
50;3;3;0;1;1;0;0
50;4;4;1;1;1;1;0
50;5;5;-1;1;0;1;0
50;6;6;0;1;2;0;0
50;7;7;1;1;1;0;0
50;8;8;0;1;1;1;0
50;9;9;0;1;1;1;0
50;10;10;-1;1;-2;0;0
50;11;11;-2;1;-2;1;0
50;12;12;-1;1;0;1;0
50;13;13;0;1;1;1;0
50;14;14;0;1;1;1;0
50;15;15;0;1;1;0;0
50;16;16;-1;1;-2;0;0
50;17;17;0;1;0;1;0
50;18;18;-2;1;-1;1;0
50;19;19;0;1;0;0;0
50;20;20;1;1;1;0;0
50;21;21;-1;1;1;1;0
50;22;22;1;1;2;1;0
50;23;23;1;1;0;0;0
50;24;24;-1;1;0;0;0
50;25;25;-1;1;-1;1;0
50;26;26;0;1;1;1;0
50;27;27;-1;1;-1;0;0
50;28;28;0;1;0;1;0
50;29;29;1;1;1;0;0
50;30;30;0;1;-1;0;0
50;31;31;0;1;2;0;0
50;32;32;-2;1;-2;0;0
50;33;33;1;1;-1;1;0
50;34;34;1;1;1;1;0
50;35;35;1;1;0;0;0
50;36;36;-1;1;-1;0;0
50;37;37;0;1;0;1;0
50;38;38;-2;1;-1;0;0
50;39;39;1;1;0;0;0
50;40;40;-2;1;-1;0;0
50;41;41;-3;1;-1;0;0
50;42;42;0;1;0;0;0
50;43;43;1;1;2;1;0
50;44;44;1;1;1;0;0
50;45;45;-1;1;0;0;0
50;46;46;0;1;0;0;0
50;47;47;-1;1;0;1;0
50;48;48;0;1;1;1;0
50;49;49;-1;1;0;0;0
50;50;50;0;1;0;1;0
50;51;51;0;1;-1;1;0
50;52;52;-1;1;0;1;0
50;53;53;-1;1;-2;0;0
50;54;54;0;1;0;0;0
50;55;55;0;1;1;1;0
50;56;56;-1;1;0;0;0
50;57;57;-1;1;-1;1;0
50;58;58;0;1;0;1;0
50;59;59;-2;1;-1;1;0
50;60;60;0;1;1;1;0
50;61;61;1;1;1;0;0
50;62;62;-1;1;-1;0;0
50;63;63;0;1;0;1;0
50;64;64;1;1;1;1;0
50;65;65;-1;1;-2;1;0
50;66;66;-1;1;-1;1;0
50;67;67;0;1;1;1;0
50;68;68;0;1;0;1;0
50;69;69;0;1;0;0;0
50;70;70;-1;1;0;1;0
50;71;71;0;1;0;1;0
50;72;72;-1;1;0;0;0
50;73;73;-1;1;0;0;0
51;1;1;0;1;0;1;0
51;2;2;-1;1;-1;1;0
51;3;3;0;1;1;0;0
51;4;4;2;1;1;1;0
51;5;5;0;1;1;1;0
51;6;6;-1;1;-3;0;0
51;7;7;-1;1;-2;0;0
51;8;8;0;1;-1;0;0
51;9;9;0;1;0;0;0
51;10;10;-1;1;-2;1;0
51;11;11;-1;1;-3;0;0
51;12;12;-1;1;1;0;0
51;13;13;0;1;1;0;0
51;14;14;-2;1;-2;0;0
51;15;15;-1;1;0;1;0
51;16;16;0;1;0;1;0
51;17;17;0;1;0;1;0
51;18;18;1;1;0;1;0
51;19;19;0;1;-1;1;0
51;20;20;-1;1;-1;0;0
51;21;21;0;1;0;0;0
51;22;22;0;1;-2;0;0
51;23;23;-1;1;-1;0;0
51;24;24;-1;1;-1;1;0
51;25;25;-1;1;-1;0;0
51;26;26;1;1;-1;1;0
51;27;27;1;1;0;1;0
51;28;28;1;1;-1;0;0
51;29;29;0;1;1;0;0
51;30;30;-1;1;0;0;0
51;31;31;-2;1;-2;0;0
51;32;32;-1;1;-2;0;0
51;33;33;0;1;-1;1;0
51;34;34;0;1;-1;1;0
51;35;35;-1;1;-1;1;0
51;36;36;-1;1;0;1;0
51;37;37;-1;1;2;0;0
51;38;38;0;1;0;1;0
51;39;39;0;1;-2;1;0
51;40;40;0;1;-1;0;0
51;41;41;-1;1;-1;0;0
51;42;42;1;1;1;1;0
51;43;43;0;1;1;1;0
51;44;44;-1;1;0;1;0
51;45;45;0;1;0;0;0
51;46;46;0;1;0;1;0
51;47;47;0;1;0;1;0
51;48;48;0;1;2;1;0
51;49;49;0;1;1;0;0
51;50;50;-1;1;-1;1;0
51;51;51;-1;1;-1;0;0
51;52;52;0;1;0;1;0
51;53;53;0;1;-2;1;0
51;54;54;1;1;1;0;0
51;55;55;0;1;0;1;0
51;56;56;1;1;1;1;0
51;57;57;0;1;-1;1;0
51;58;58;0;1;1;1;0
52;1;1;1;1;2;0;0
52;2;2;0;1;-2;0;0
52;3;3;-1;1;0;0;0
52;4;4;1;1;0;0;0
52;5;5;2;1;2;0;0
52;6;6;1;1;1;0;0
52;7;7;-2;1;0;0;0
52;8;8;0;1;0;0;0
52;9;9;-1;1;-1;0;0
52;10;10;-1;1;-2;0;0
52;11;11;-1;1;0;0;0
52;12;12;0;1;0;0;0
52;13;13;1;1;0;0;0
52;14;14;0;1;0;0;0
52;15;15;2;1;1;0;0
52;16;16;2;1;2;0;0
52;17;17;2;1;2;0;0
52;18;18;0;1;-1;0;0
52;19;19;1;1;0;0;0
52;20;20;1;1;0;0;0
52;21;21;0;1;0;0;0
52;22;22;-1;1;0;0;0
52;23;23;2;1;1;0;0
52;24;24;0;1;0;0;0
52;25;25;-2;1;-1;0;0
52;26;26;-2;1;1;0;0
52;27;27;-1;1;-2;0;0
52;28;28;1;1;0;0;0
52;29;29;2;1;1;0;0
52;30;30;1;1;-1;0;0
52;31;31;-1;1;-1;0;0
52;32;32;0;1;2;0;0
52;33;33;1;1;0;0;0
52;34;34;1;1;1;0;0
52;35;35;2;1;1;0;0
52;36;36;2;1;1;0;0
52;37;37;-1;1;-1;0;0
52;38;38;0;1;-1;0;0
52;39;39;1;1;0;0;0
52;40;40;0;1;1;0;0
52;41;41;0;1;0;0;0
52;42;42;1;1;1;0;0
52;43;43;1;1;1;0;0
52;44;44;-1;1;0;0;0
52;45;45;1;1;1;0;0
52;46;46;0;1;-1;0;0
52;47;47;1;1;0;0;0
52;48;48;1;1;1;0;0
52;49;49;-1;1;-2;0;0
52;50;50;2;1;0;0;0
52;51;51;-2;1;-1;0;0
52;52;52;1;1;1;0;0
52;53;53;2;1;2;0;0
52;54;54;1;1;1;0;0
52;55;55;1;1;0;0;0
52;56;56;2;1;2;0;0
52;57;57;0;1;0;0;0
52;58;58;0;1;-2;0;0
52;59;59;1;1;0;0;0
52;60;60;2;1;2;0;0
52;61;61;3;1;2;0;0
53;1;1;0;1;0;1;0
53;2;2;0;1;1;1;0
53;3;3;-1;1;-1;1;0
53;4;4;0;1;1;1;0
53;5;5;2;1;1;1;0
53;6;6;1;1;0;1;0
53;7;7;0;1;0;1;0
53;8;8;2;1;1;1;0
53;9;9;2;1;1;1;0
53;10;10;0;1;-1;1;0
53;11;11;0;1;0;1;0
53;12;12;0;1;0;1;0
53;13;13;3;1;1;1;0
53;14;14;2;1;1;1;0
53;15;15;3;1;1;1;0
53;16;16;2;1;2;1;0
53;17;17;2;1;0;1;0
53;18;18;0;1;-1;1;0
53;19;19;1;1;0;1;0
53;20;20;0;1;-1;1;0
53;21;21;-1;1;-2;1;0
53;22;22;0;1;0;1;0
53;23;23;1;1;0;1;0
53;24;24;2;1;2;1;0
53;25;25;3;1;2;1;0
53;26;26;1;1;0;1;0
53;27;27;3;1;1;1;0
53;28;28;2;1;1;1;0
53;29;29;0;1;0;1;0
53;30;30;2;1;1;1;0
53;31;31;2;1;2;1;0
53;32;32;-1;1;0;1;0
53;33;33;1;1;0;1;0
53;34;34;1;1;1;1;0
53;35;35;2;1;1;1;0
53;36;36;-1;1;-1;1;0
53;37;37;0;1;1;1;0
53;38;38;2;1;1;1;0
53;39;39;1;1;0;1;0
53;40;40;1;1;1;1;0
53;41;41;2;1;0;1;0
53;42;42;-1;1;0;1;0
53;43;43;1;1;0;1;0
53;44;44;0;1;0;1;0
53;45;45;-2;1;-2;1;0
53;46;46;-1;1;-1;1;0
53;47;47;0;1;-1;1;0
53;48;48;0;1;0;1;0
53;49;49;1;1;0;1;0
53;50;50;2;1;1;1;0
53;51;51;2;1;1;1;0
53;52;52;2;1;1;1;0
53;53;53;2;1;0;1;0
53;54;54;3;1;2;1;0
53;55;55;-1;1;-2;1;0
53;56;56;3;1;2;1;0
53;57;57;1;1;1;1;0
53;58;58;1;1;0;1;0
53;59;59;3;1;0;1;0
53;60;60;0;1;0;1;0
53;61;61;1;1;1;1;0
53;62;62;3;1;1;1;0
53;63;63;2;1;1;1;0
53;64;64;-1;1;-1;1;0
53;65;65;1;1;1;1;0
53;66;66;3;1;2;1;0
53;67;67;1;1;1;1;0
53;68;68;3;1;1;1;0
53;69;69;3;1;1;1;0
53;70;70;0;1;1;1;0
54;1;1;0;1;0;0;1
54;2;2;-2;1;0;0;1
54;3;3;-1;1;1;1;1
54;4;4;0;1;1;1;1
54;5;5;0;1;1;1;1
54;6;6;0;1;0;0;1
54;7;7;-1;1;-1;1;1
54;8;8;-1;1;1;0;1
55;1;1;2;1;1;1;0
55;2;2;2;1;1;1;0
55;3;3;3;1;2;1;0
55;4;4;0;1;0;1;0
55;5;5;0;1;0;0;0
55;6;6;1;1;1;1;0
55;7;7;0;1;0;0;0
55;8;8;0;1;-1;0;0
55;9;9;1;1;1;1;0
55;10;10;2;1;1;1;0
55;11;11;0;1;2;0;0
55;12;12;1;1;1;0;0
55;13;13;1;1;2;0;0
55;14;14;0;1;1;0;0
55;15;15;1;1;-1;0;0
55;16;16;1;1;1;0;0
55;17;17;1;1;1;0;0
55;18;18;2;1;0;0;0
55;19;19;2;1;1;1;0
55;20;20;0;1;-1;1;0
55;21;21;2;1;1;1;0
55;22;22;1;1;0;0;0
55;23;23;-1;1;-3;0;0
55;24;24;0;1;1;0;0
55;25;25;0;1;0;1;0
55;26;26;1;1;0;0;0
55;27;27;2;1;0;1;0
55;28;28;1;1;0;0;0
55;29;29;0;1;0;1;0
55;30;30;0;1;-1;1;0
55;31;31;-1;1;-2;0;0
55;32;32;0;1;0;0;0
55;33;33;1;1;0;1;0
55;34;34;-1;1;-1;0;0
55;35;35;2;1;2;0;0
55;36;36;2;1;0;1;0
55;37;37;2;1;1;1;0
55;38;38;0;1;-1;1;0
55;39;39;2;1;2;1;0
55;40;40;-1;1;0;0;0
55;41;41;1;1;2;1;0
55;42;42;1;1;2;0;0
55;43;43;1;1;-1;0;0
55;44;44;1;1;1;0;0
55;45;45;0;1;-1;0;0
55;46;46;0;1;0;1;0
55;47;47;0;1;0;0;0
55;48;48;0;1;-1;1;0
55;49;49;-1;1;1;1;0
55;50;50;1;1;0;1;0
55;51;51;0;1;-1;1;0
56;1;1;1;1;1;1;0
56;2;2;-1;1;0;0;0
56;3;3;1;1;0;0;0
56;4;4;1;1;0;1;0
56;5;5;0;1;1;0;0
56;6;6;-1;1;-1;1;0
56;7;7;-1;1;0;1;0
56;8;8;2;1;1;1;0
56;9;9;-1;1;-1;0;0
56;10;10;1;1;0;1;0
56;11;11;0;1;1;1;0
56;12;12;1;1;-1;1;0
56;13;13;-2;1;0;1;0
56;14;14;0;1;0;1;0
56;15;15;1;1;1;1;0
56;16;16;1;1;0;0;0
56;17;17;2;1;0;1;0
56;18;18;2;1;-1;1;0
56;19;19;0;1;1;1;0
56;20;20;-4;1;-2;0;0
56;21;21;0;1;-1;1;0
56;22;22;-2;1;0;0;0
56;23;23;1;1;1;1;0
56;24;24;2;1;1;0;0
56;25;25;-2;1;-1;1;0
56;26;26;0;1;-2;1;0
56;27;27;0;1;-1;0;0
56;28;28;0;1;0;1;0
56;29;29;-1;1;0;0;0
56;30;30;-1;1;0;1;0
56;31;31;1;1;1;0;0
56;32;32;1;1;1;0;0
56;33;33;-1;1;-2;0;0
56;34;34;-1;1;-1;1;0
56;35;35;1;1;1;1;0
56;36;36;-1;1;-1;0;0
56;37;37;1;1;2;0;0
56;38;38;0;1;0;0;0
57;1;1;1;1;0;0;0
57;2;2;1;1;0;0;0
57;3;3;0;1;1;0;0
57;4;4;-2;1;-1;0;0
57;5;5;0;1;0;0;0
57;6;6;2;1;1;0;0
57;7;7;0;1;0;0;0
57;8;8;0;1;-2;0;0
57;9;9;1;1;2;0;0
57;10;10;1;1;1;0;0
57;11;11;1;1;2;0;0
57;12;12;1;1;0;0;0
57;13;13;0;1;0;0;0
57;14;14;0;1;-1;0;0
57;15;15;0;1;-1;0;0
57;16;16;0;1;0;0;0
57;17;17;-1;1;0;0;0
57;18;18;0;1;1;0;0
57;19;19;-1;1;0;0;0
57;20;20;0;1;0;0;0
57;21;21;0;1;-1;0;0
57;22;22;-1;1;-1;0;0
57;23;23;-1;1;-2;0;0
57;24;24;0;1;0;0;0
57;25;25;-1;1;-1;0;0
57;26;26;-2;1;-2;0;0
57;27;27;0;1;0;0;0
57;28;28;1;1;0;0;0
57;29;29;0;1;0;0;0
57;30;30;1;1;-1;0;0
57;31;31;1;1;0;0;0
57;32;32;-1;1;-1;0;0
57;33;33;-2;1;-1;0;0
57;34;34;1;1;-1;0;0
57;35;35;1;1;0;0;0
57;36;36;0;1;1;0;0
57;37;37;0;1;-2;0;0
57;38;38;1;1;1;0;0
57;39;39;-2;1;-3;0;0
57;40;40;1;1;1;0;0
57;41;41;0;1;0;0;0
57;42;42;1;1;0;0;0
57;43;43;2;1;1;0;0
57;44;44;-1;1;0;0;0
57;45;45;1;1;1;0;0
57;46;46;1;1;1;0;0
57;47;47;-1;1;0;0;0
57;48;48;1;1;0;0;0
57;49;49;1;1;0;0;0
57;50;50;0;1;-1;0;0
57;51;51;0;1;0;0;0
57;52;52;-2;1;0;0;0
57;53;53;-1;1;-1;0;0
57;54;54;1;1;0;0;0
57;55;55;-1;1;0;0;0
57;56;56;2;1;1;0;0
57;57;57;-1;1;-1;0;0
57;58;58;1;1;0;0;0
57;59;59;1;1;1;0;0
57;60;60;-1;1;0;0;0
57;61;61;1;1;1;0;0
57;62;62;0;1;-1;0;0
57;63;63;1;1;0;0;0
58;1;1;0;1;0;1;0
58;2;2;-1;1;1;1;0
58;3;3;1;1;2;1;0
58;4;4;1;1;0;1;0
58;5;5;0;1;1;1;0
58;6;6;2;1;2;1;0
58;7;7;1;1;0;1;0
58;8;8;1;1;1;1;0
58;9;9;-1;1;-1;1;0
58;10;10;0;1;1;1;0
58;11;11;0;1;-1;1;0
58;12;12;0;1;-1;1;0
58;13;13;1;1;0;1;0
58;14;14;1;1;1;1;0
58;15;15;1;1;1;1;0
58;16;16;1;1;1;1;0
58;17;17;-1;1;-1;1;0
58;18;18;0;1;0;1;0
58;19;19;0;1;0;1;0
58;20;20;1;1;1;1;0
58;21;21;0;1;2;1;0
58;22;22;0;1;0;1;0
58;23;23;0;1;1;1;0
58;24;24;0;1;-1;1;0
58;25;25;-1;1;-1;1;0
58;26;26;1;1;0;1;0
58;27;27;0;1;0;1;0
58;28;28;1;1;1;1;0
58;29;29;0;1;0;1;0
58;30;30;0;1;0;1;0
58;31;31;1;1;-1;1;0
58;32;32;0;1;0;1;0
58;33;33;1;1;-1;1;0
58;34;34;0;1;1;1;0
58;35;35;1;1;-1;1;0
58;36;36;1;1;1;1;0
58;37;37;0;1;0;1;0
59;1;1;-1;1;-1;0;-1
59;2;2;1;1;0;0;-1
59;3;3;-1;1;0;0;-1
59;4;4;-1;1;-2;1;-1
59;5;5;-2;1;-2;0;-1
59;6;6;-1;1;0;0;-1
59;7;7;-1;1;0;1;-1
59;8;8;-1;1;0;1;-1
59;9;9;-1;1;-1;1;-1
59;10;10;0;1;-1;0;-1
59;11;11;0;1;2;0;-1
59;12;12;-2;1;-1;1;-1
59;13;13;0;1;1;1;-1
59;14;14;-1;1;0;0;-1
59;15;15;-1;1;-1;1;-1
59;16;16;-1;1;-1;0;-1
59;17;17;-3;1;0;0;-1
59;18;18;-1;1;-1;1;-1
59;19;19;-1;1;1;0;-1
59;20;20;0;1;1;0;-1
59;21;21;0;1;0;1;-1
59;22;22;-1;1;-1;0;-1
59;23;23;1;1;-1;0;-1
59;24;24;-2;1;-1;0;-1
59;25;25;-2;1;0;0;-1
59;26;26;-1;1;0;1;-1
59;27;27;-2;1;-3;0;-1
59;28;28;-2;1;-1;0;-1
59;29;29;-1;1;0;0;-1
59;30;30;-1;1;0;0;-1
59;31;31;-2;1;-1;0;-1
59;32;32;-1;1;-1;1;-1
59;33;33;-2;1;0;0;-1
59;34;34;-2;1;-2;0;-1
59;35;35;-1;1;-1;0;-1
59;36;36;-1;1;-2;1;-1
59;37;37;0;1;-1;1;-1
59;38;38;-2;1;-2;0;-1
59;39;39;-1;1;0;0;-1
59;40;40;-2;1;0;0;-1
59;41;41;0;1;2;1;-1
59;42;42;0;1;0;0;-1
59;43;43;-2;1;0;1;-1
59;44;44;-1;1;-1;0;-1
59;45;45;-1;1;0;1;-1
59;46;46;-1;1;0;0;-1
59;47;47;-1;1;-2;1;-1
60;1;1;0;1;0;1;0
60;2;2;0;1;-1;1;0
60;3;3;-1;1;-1;1;0
60;4;4;0;1;-2;1;0
60;5;5;1;1;1;1;0
60;6;6;0;1;0;1;0
60;7;7;0;1;-1;1;0
60;8;8;1;1;0;1;0
60;9;9;0;1;1;1;0
60;10;10;2;1;1;1;0
60;11;11;0;1;0;1;0
60;12;12;1;1;1;1;0
60;13;13;-1;1;-2;1;0
60;14;14;3;1;2;1;0
60;15;15;1;1;0;1;0
60;16;16;-1;1;-1;1;0
60;17;17;1;1;0;1;0
60;18;18;0;1;0;1;0
60;19;19;0;1;0;1;0
60;20;20;0;1;-1;1;0
60;21;21;1;1;0;1;0
60;22;22;0;1;0;1;0
60;23;23;-2;1;1;1;0
60;24;24;-1;1;-1;1;0
60;25;25;0;1;-2;1;0
60;26;26;2;1;1;1;0
60;27;27;1;1;1;1;0
60;28;28;-1;1;-2;1;0
60;29;29;-1;1;0;1;0
60;30;30;-1;1;0;1;0
60;31;31;-1;1;-2;1;0
60;32;32;0;1;-1;1;0
60;33;33;1;1;1;1;0
60;34;34;2;1;1;1;0
60;35;35;0;1;0;1;0
60;36;36;-1;1;0;1;0
60;37;37;1;1;2;1;0
60;38;38;0;1;0;1;0
60;39;39;1;1;0;1;0
60;40;40;-1;1;-1;1;0
60;41;41;1;1;0;1;0
60;42;42;0;1;0;1;0
60;43;43;1;1;-1;1;0
60;44;44;2;1;1;1;0
60;45;45;1;1;1;1;0
60;46;46;0;1;-1;1;0
60;47;47;-1;1;0;1;0
60;48;48;0;1;-1;1;0
60;49;49;0;1;1;1;0
60;50;50;0;1;-1;1;0
60;51;51;-1;1;-2;1;0
60;52;52;0;1;0;1;0
60;53;53;0;1;0;1;0
60;54;54;0;1;0;1;0
60;55;55;1;1;1;1;0
60;56;56;1;1;1;1;0
60;57;57;1;1;0;1;0
60;58;58;0;1;-1;1;0
60;59;59;0;1;0;1;0
60;60;60;0;1;-1;1;0
60;61;61;0;1;0;1;0
60;62;62;0;1;0;1;0
60;63;63;-1;1;0;1;0
60;64;64;0;1;0;1;0
60;65;65;1;1;1;1;0
60;66;66;0;1;0;1;0
60;67;67;0;1;1;1;0
60;68;68;-1;1;1;1;0
60;69;69;-1;1;-1;1;0
60;70;70;-1;1;-1;1;0
60;71;71;0;1;-1;1;0
60;72;72;-1;1;-1;1;0
60;73;73;0;1;-2;1;0
60;74;74;0;1;0;1;0
60;75;75;1;1;1;1;0
60;76;76;0;1;0;1;0
60;77;77;0;1;0;1;0
60;78;78;1;1;0;1;0
60;79;79;2;1;1;1;0
60;80;80;0;1;-1;1;0
61;1;1;-1;1;-2;0;0
61;2;2;2;1;0;1;0
61;3;3;0;1;-1;1;0
61;4;4;0;1;-1;1;0
61;5;5;-2;1;-1;0;0
61;6;6;0;1;-1;0;0
61;7;7;1;1;0;0;0
61;8;8;0;1;0;1;0
61;9;9;-1;1;-1;1;0
61;10;10;-2;1;0;0;0
61;11;11;-1;1;-2;0;0
61;12;12;-1;1;0;0;0
61;13;13;0;1;1;0;0
61;14;14;-2;1;0;0;0
61;15;15;1;1;1;0;0
61;16;16;1;1;0;0;0
61;17;17;1;1;0;1;0
61;18;18;0;1;0;1;0
61;19;19;1;1;-1;0;0
61;20;20;0;1;0;0;0
61;21;21;2;1;1;1;0
61;22;22;0;1;0;0;0
61;23;23;-1;1;0;1;0
61;24;24;0;1;0;1;0
61;25;25;0;1;0;1;0
61;26;26;1;1;1;1;0
61;27;27;-2;1;-2;0;0
61;28;28;1;1;1;1;0
61;29;29;1;1;0;0;0
61;30;30;1;1;0;1;0
61;31;31;1;1;0;0;0
61;32;32;1;1;1;1;0
61;33;33;-2;1;-1;1;0
61;34;34;0;1;1;0;0
61;35;35;-1;1;0;1;0
61;36;36;0;1;-1;1;0
61;37;37;0;1;0;0;0
61;38;38;1;1;0;1;0
61;39;39;-1;1;1;0;0
61;40;40;-1;1;-1;0;0
61;41;41;0;1;0;1;0
61;42;42;0;1;1;1;0
61;43;43;1;1;2;1;0
61;44;44;1;1;0;0;0
61;45;45;-1;1;-1;0;0
61;46;46;1;1;0;0;0
61;47;47;-1;1;0;0;0
61;48;48;-3;1;-2;0;0
61;49;49;0;1;0;0;0
61;50;50;2;1;3;1;0
61;51;51;1;1;0;0;0
61;52;52;1;1;0;0;0
61;53;53;0;1;-2;0;0
61;54;54;0;1;0;1;0
61;55;55;-2;1;-1;1;0
61;56;56;2;1;2;0;0
61;57;57;2;1;1;0;0
61;58;58;0;1;1;0;0
61;59;59;1;1;-1;0;0
61;60;60;0;1;-1;0;0
61;61;61;1;1;1;1;0
61;62;62;1;1;0;1;0
61;63;63;-2;1;-1;1;0
61;64;64;0;1;0;1;0
62;1;1;0;1;0;0;0
62;2;2;-1;1;-1;0;0
62;3;3;0;1;1;1;0
62;4;4;0;1;0;0;0
62;5;5;1;1;1;0;0
62;6;6;0;1;1;0;0
62;7;7;2;1;0;0;0
62;8;8;0;1;0;1;0
62;9;9;1;1;2;0;0
62;10;10;0;1;0;1;0
62;11;11;1;1;1;1;0
62;12;12;0;1;-1;1;0
62;13;13;0;1;1;0;0
62;14;14;1;1;1;0;0
62;15;15;-1;1;1;1;0
62;16;16;1;1;0;0;0
62;17;17;-2;1;0;1;0
62;18;18;-1;1;0;1;0
62;19;19;-1;1;0;0;0
62;20;20;2;1;1;1;0
62;21;21;-2;1;-1;0;0
62;22;22;0;1;-1;1;0
62;23;23;0;1;0;0;0
62;24;24;0;1;0;0;0
62;25;25;0;1;0;0;0
62;26;26;0;1;0;1;0
62;27;27;-2;1;0;0;0
62;28;28;0;1;1;1;0
62;29;29;0;1;0;0;0
62;30;30;1;1;1;0;0
62;31;31;0;1;0;0;0
62;32;32;1;1;0;1;0
62;33;33;-1;1;-1;0;0
62;34;34;0;1;1;0;0
62;35;35;0;1;0;0;0
62;36;36;1;1;0;1;0
62;37;37;1;1;1;1;0
62;38;38;-2;1;-2;0;0
62;39;39;-1;1;1;0;0
62;40;40;0;1;0;0;0
62;41;41;0;1;-1;1;0
62;42;42;-1;1;0;0;0
62;43;43;1;1;0;0;0
62;44;44;1;1;1;0;0
62;45;45;0;1;0;0;0
62;46;46;-1;1;0;0;0
62;47;47;-1;1;0;0;0
62;48;48;0;1;-1;1;0
62;49;49;0;1;-1;1;0
62;50;50;0;1;0;1;0
62;51;51;-1;1;0;0;0
62;52;52;0;1;1;0;0
62;53;53;0;1;1;1;0
62;54;54;-1;1;1;0;0
62;55;55;1;1;1;0;0
62;56;56;1;1;1;0;0
62;57;57;0;1;1;1;0
62;58;58;-1;1;-1;0;0
62;59;59;0;1;1;1;0
62;60;60;1;1;2;0;0
62;61;61;0;1;0;1;0
62;62;62;2;1;2;0;0
62;63;63;-1;1;-1;0;0
62;64;64;0;1;1;1;0
62;65;65;1;1;-2;1;0
62;66;66;-1;1;1;0;0
62;67;67;0;1;1;1;0
62;68;68;0;1;0;0;0
62;69;69;1;1;1;1;0
62;70;70;0;1;-1;1;0
62;71;71;0;1;-1;0;0
63;1;1;1;1;0;1;0
63;2;2;0;1;1;1;0
63;3;3;0;1;0;0;0
63;4;4;1;1;0;0;0
63;5;5;0;1;0;1;0
63;6;6;1;1;0;1;0
63;7;7;1;1;1;1;0
63;8;8;1;1;0;1;0
63;9;9;-1;1;0;0;0
63;10;10;1;1;0;0;0
63;11;11;0;1;0;0;0
63;12;12;0;1;0;0;0
63;13;13;0;1;1;1;0
63;14;14;0;1;0;1;0
63;15;15;2;1;2;1;0
63;16;16;1;1;0;1;0
63;17;17;2;1;-1;0;0
63;18;18;2;1;1;1;0
63;19;19;1;1;-1;1;0
63;20;20;1;1;0;0;0
63;21;21;0;1;1;1;0
63;22;22;2;1;0;1;0
63;23;23;1;1;1;0;0
63;24;24;1;1;0;0;0
63;25;25;1;1;0;0;0
63;26;26;0;1;-1;1;0
63;27;27;1;1;0;1;0
63;28;28;0;1;-1;1;0
63;29;29;0;1;1;0;0
63;30;30;0;1;-1;0;0
64;1;1;1;1;1;0;0
64;2;2;2;1;1;0;0
64;3;3;0;1;-1;0;0
64;4;4;1;1;2;0;0
64;5;5;2;1;2;0;0
64;6;6;0;1;0;0;0
64;7;7;2;1;1;0;0
64;8;8;1;1;1;0;0
64;9;9;-1;1;-1;0;0
64;10;10;0;1;0;0;0
64;11;11;0;1;0;0;0
64;12;12;-1;1;-1;0;0
64;13;13;2;1;1;0;0
64;14;14;1;1;1;0;0
64;15;15;1;1;1;0;0
64;16;16;1;1;1;0;0
64;17;17;-1;1;0;0;0
64;18;18;1;1;1;0;0
64;19;19;1;1;2;0;0
64;20;20;-2;1;0;0;0
64;21;21;0;1;2;0;0
64;22;22;0;1;-1;0;0
64;23;23;-1;1;-1;0;0
64;24;24;0;1;0;0;0
64;25;25;0;1;-1;0;0
64;26;26;1;1;0;0;0
64;27;27;0;1;1;0;0
64;28;28;2;1;1;0;0
64;29;29;-1;1;-2;0;0
64;30;30;1;1;0;0;0
64;31;31;0;1;1;0;0
64;32;32;1;1;0;0;0
64;33;33;0;1;0;0;0
64;34;34;1;1;0;0;0
64;35;35;0;1;1;0;0
64;36;36;-2;1;-1;0;0
64;37;37;2;1;1;0;0
64;38;38;-2;1;-2;0;0
64;39;39;0;1;0;0;0
64;40;40;1;1;1;0;0
64;41;41;1;1;2;0;0
64;42;42;0;1;-1;0;0
64;43;43;1;1;2;0;0
64;44;44;-1;1;-1;0;0
64;45;45;1;1;1;0;0
64;46;46;0;1;0;0;0
64;47;47;0;1;1;0;0
64;48;48;1;1;1;0;0
64;49;49;0;1;0;0;0
64;50;50;-2;1;0;0;0
64;51;51;1;1;0;0;0
64;52;52;0;1;0;0;0
64;53;53;0;1;1;0;0
64;54;54;2;1;2;0;0
64;55;55;1;1;1;0;0
64;56;56;0;1;0;0;0
64;57;57;0;1;0;0;0
64;58;58;1;1;0;0;0
64;59;59;1;1;0;0;0
65;1;1;0;1;1;1;0
65;2;2;-1;1;-1;1;0
65;3;3;0;1;0;1;0
65;4;4;1;1;0;1;0
65;5;5;-1;1;-1;1;0
65;6;6;0;1;1;1;0
65;7;7;0;1;0;1;0
65;8;8;0;1;0;1;0
65;9;9;-2;1;-2;1;0
65;10;10;-1;1;1;1;0
65;11;11;-1;1;-1;1;0
65;12;12;-1;1;1;1;0
65;13;13;1;1;1;1;0
65;14;14;-2;1;-1;1;0
65;15;15;0;1;-1;1;0
65;16;16;0;1;-1;1;0
65;17;17;1;1;0;1;0
65;18;18;-2;1;-1;1;0
65;19;19;-1;1;-1;1;0
65;20;20;1;1;0;1;0
65;21;21;0;1;0;1;0
65;22;22;0;1;1;1;0
65;23;23;1;1;1;1;0
65;24;24;-1;1;0;1;0
65;25;25;-1;1;-2;1;0
65;26;26;0;1;0;1;0
65;27;27;0;1;1;1;0
65;28;28;0;1;0;1;0
65;29;29;0;1;0;1;0
65;30;30;0;1;-2;1;0
65;31;31;0;1;0;1;0
65;32;32;1;1;0;1;0
65;33;33;0;1;0;1;0
65;34;34;0;1;-1;1;0
65;35;35;0;1;-1;1;0
65;36;36;-1;1;-1;1;0
65;37;37;1;1;2;1;0
65;38;38;-2;1;-2;1;0
65;39;39;0;1;0;1;0
65;40;40;0;1;-1;1;0
65;41;41;0;1;-1;1;0
65;42;42;0;1;-1;1;0
65;43;43;0;1;1;1;0
65;44;44;0;1;0;1;0
65;45;45;1;1;1;1;0
65;46;46;0;1;0;1;0
65;47;47;0;1;1;1;0
65;48;48;-2;1;-1;1;0
65;49;49;-1;1;-1;1;0
65;50;50;1;1;2;1;0
65;51;51;0;1;1;1;0
65;52;52;-1;1;0;1;0
65;53;53;0;1;1;1;0
65;54;54;0;1;-1;1;0
65;55;55;0;1;-1;1;0
65;56;56;-3;1;-3;1;0
65;57;57;1;1;0;1;0
65;58;58;0;1;0;1;0
65;59;59;-1;1;-1;1;0
65;60;60;0;1;-1;1;0
65;61;61;0;1;0;1;0
65;62;62;-2;1;-1;1;0
65;63;63;0;1;-1;1;0
65;64;64;1;1;2;1;0
65;65;65;1;1;1;1;0
65;66;66;-1;1;0;1;0
65;67;67;0;1;1;1;0
65;68;68;-2;1;-1;1;0
65;69;69;-2;1;-1;1;0
65;70;70;-1;1;0;1;0
65;71;71;0;1;1;1;0
65;72;72;0;1;1;1;0
65;73;73;0;1;0;1;0
65;74;74;-1;1;-1;1;0
65;75;75;-2;1;-2;1;0
65;76;76;1;1;2;1;0
65;77;77;-1;1;-1;1;0
65;78;78;0;1;0;1;0
65;79;79;0;1;-1;1;0
65;80;80;-1;1;-1;1;0
